path_id,A_sw,M_sw,A_vlsi,Stage,Outcome,asw_feasibility,msw_feasibility,avlsi_feasibility,stage_evidence,feasibility_level,asw_supporting_evidence_ids,msw_supporting_evidence_ids,avlsi_supporting_evidence_ids,feasibility_rationale
P1,package_introduction_or_misselection,consumed_software_behavior_control,design_tampering_or_malicious_modification,stage_0_design_specification,integrity,Low,High,Medium,not_observed_in_v1,Low,none_in_v1,E2; E8; E9; E10; E16; E19; E27; E35; E28; E38; E44; E39,E2; E10; E19,Low because the path is model-possible but weakly supported by the current v1 feasibility evidence.
P2,package_introduction_or_misselection,consumed_software_behavior_control,design_tampering_or_malicious_modification,stage_0_design_specification,availability,Low,High,Medium,not_observed_in_v1,Low,none_in_v1,E2; E8; E9; E10; E16; E19; E27; E35; E28; E38; E44; E39,E2; E10; E19,Low because the path is model-possible but weakly supported by the current v1 feasibility evidence.
P3,package_introduction_or_misselection,consumed_software_behavior_control,design_tampering_or_malicious_modification,stage_1_high_level_synthesis,integrity,Low,High,Medium,observed_in_v1,Medium,none_in_v1,E2; E8; E9; E10; E16; E19; E27; E35; E28; E38; E44; E39,E2; E10; E19,"Medium because the path has partial or indirect evidence support, but it does not satisfy all High criteria."
P4,package_introduction_or_misselection,consumed_software_behavior_control,design_tampering_or_malicious_modification,stage_1_high_level_synthesis,availability,Low,High,Medium,observed_in_v1,Medium,none_in_v1,E2; E8; E9; E10; E16; E19; E27; E35; E28; E38; E44; E39,E2; E10; E19,"Medium because the path has partial or indirect evidence support, but it does not satisfy all High criteria."
P5,package_introduction_or_misselection,consumed_software_behavior_control,design_tampering_or_malicious_modification,stage_2_logic_synthesis,integrity,Low,High,Medium,observed_in_v1,Medium,none_in_v1,E2; E8; E9; E10; E16; E19; E27; E35; E28; E38; E44; E39,E2; E10; E19,"Medium because the path has partial or indirect evidence support, but it does not satisfy all High criteria."
P6,package_introduction_or_misselection,consumed_software_behavior_control,design_tampering_or_malicious_modification,stage_2_logic_synthesis,availability,Low,High,Medium,observed_in_v1,Medium,none_in_v1,E2; E8; E9; E10; E16; E19; E27; E35; E28; E38; E44; E39,E2; E10; E19,"Medium because the path has partial or indirect evidence support, but it does not satisfy all High criteria."
P7,package_introduction_or_misselection,consumed_software_behavior_control,design_tampering_or_malicious_modification,stage_3_post_synthesis_verification,integrity,Low,High,Medium,observed_in_v1,Medium,none_in_v1,E2; E8; E9; E10; E16; E19; E27; E35; E28; E38; E44; E39,E2; E10; E19,"Medium because the path has partial or indirect evidence support, but it does not satisfy all High criteria."
P8,package_introduction_or_misselection,consumed_software_behavior_control,design_tampering_or_malicious_modification,stage_3_post_synthesis_verification,availability,Low,High,Medium,observed_in_v1,Medium,none_in_v1,E2; E8; E9; E10; E16; E19; E27; E35; E28; E38; E44; E39,E2; E10; E19,"Medium because the path has partial or indirect evidence support, but it does not satisfy all High criteria."
P9,package_introduction_or_misselection,consumed_software_behavior_control,design_tampering_or_malicious_modification,stage_4_design_for_testability,integrity,Low,High,Medium,observed_in_v1,Medium,none_in_v1,E2; E8; E9; E10; E16; E19; E27; E35; E28; E38; E44; E39,E2; E10; E19,"Medium because the path has partial or indirect evidence support, but it does not satisfy all High criteria."
P10,package_introduction_or_misselection,consumed_software_behavior_control,design_tampering_or_malicious_modification,stage_4_design_for_testability,availability,Low,High,Medium,observed_in_v1,Medium,none_in_v1,E2; E8; E9; E10; E16; E19; E27; E35; E28; E38; E44; E39,E2; E10; E19,"Medium because the path has partial or indirect evidence support, but it does not satisfy all High criteria."
P11,package_introduction_or_misselection,consumed_software_behavior_control,design_tampering_or_malicious_modification,stage_5_placement_and_routing,integrity,Low,High,Medium,observed_in_v1,Medium,none_in_v1,E2; E8; E9; E10; E16; E19; E27; E35; E28; E38; E44; E39,E2; E10; E19,"Medium because the path has partial or indirect evidence support, but it does not satisfy all High criteria."
P12,package_introduction_or_misselection,consumed_software_behavior_control,design_tampering_or_malicious_modification,stage_5_placement_and_routing,availability,Low,High,Medium,observed_in_v1,Medium,none_in_v1,E2; E8; E9; E10; E16; E19; E27; E35; E28; E38; E44; E39,E2; E10; E19,"Medium because the path has partial or indirect evidence support, but it does not satisfy all High criteria."
P13,package_introduction_or_misselection,consumed_software_behavior_control,design_tampering_or_malicious_modification,stage_6_static_timing_analysis,integrity,Low,High,Medium,observed_in_v1,Medium,none_in_v1,E2; E8; E9; E10; E16; E19; E27; E35; E28; E38; E44; E39,E2; E10; E19,"Medium because the path has partial or indirect evidence support, but it does not satisfy all High criteria."
P14,package_introduction_or_misselection,consumed_software_behavior_control,design_tampering_or_malicious_modification,stage_6_static_timing_analysis,availability,Low,High,Medium,observed_in_v1,Medium,none_in_v1,E2; E8; E9; E10; E16; E19; E27; E35; E28; E38; E44; E39,E2; E10; E19,"Medium because the path has partial or indirect evidence support, but it does not satisfy all High criteria."
P15,package_introduction_or_misselection,consumed_software_behavior_control,design_tampering_or_malicious_modification,stage_7_physical_verification_and_signoff,integrity,Low,High,Medium,observed_in_v1,Medium,none_in_v1,E2; E8; E9; E10; E16; E19; E27; E35; E28; E38; E44; E39,E2; E10; E19,"Medium because the path has partial or indirect evidence support, but it does not satisfy all High criteria."
P16,package_introduction_or_misselection,consumed_software_behavior_control,design_tampering_or_malicious_modification,stage_7_physical_verification_and_signoff,availability,Low,High,Medium,observed_in_v1,Medium,none_in_v1,E2; E8; E9; E10; E16; E19; E27; E35; E28; E38; E44; E39,E2; E10; E19,"Medium because the path has partial or indirect evidence support, but it does not satisfy all High criteria."
P17,package_introduction_or_misselection,consumed_software_behavior_control,hardware_trojan_backdoor_or_logic_bomb,stage_1_high_level_synthesis,confidentiality,Low,High,Low,observed_in_v1,Medium,none_in_v1,E2; E8; E9; E10; E16; E19; E27; E35; E28; E38; E44; E39,E2,"Medium because the path has partial or indirect evidence support, but it does not satisfy all High criteria."
P18,package_introduction_or_misselection,consumed_software_behavior_control,hardware_trojan_backdoor_or_logic_bomb,stage_1_high_level_synthesis,integrity,Low,High,Low,observed_in_v1,Medium,none_in_v1,E2; E8; E9; E10; E16; E19; E27; E35; E28; E38; E44; E39,E2,"Medium because the path has partial or indirect evidence support, but it does not satisfy all High criteria."
P19,package_introduction_or_misselection,consumed_software_behavior_control,hardware_trojan_backdoor_or_logic_bomb,stage_1_high_level_synthesis,availability,Low,High,Low,observed_in_v1,Medium,none_in_v1,E2; E8; E9; E10; E16; E19; E27; E35; E28; E38; E44; E39,E2,"Medium because the path has partial or indirect evidence support, but it does not satisfy all High criteria."
P20,package_introduction_or_misselection,consumed_software_behavior_control,hardware_trojan_backdoor_or_logic_bomb,stage_2_logic_synthesis,confidentiality,Low,High,Low,observed_in_v1,Medium,none_in_v1,E2; E8; E9; E10; E16; E19; E27; E35; E28; E38; E44; E39,E2,"Medium because the path has partial or indirect evidence support, but it does not satisfy all High criteria."
P21,package_introduction_or_misselection,consumed_software_behavior_control,hardware_trojan_backdoor_or_logic_bomb,stage_2_logic_synthesis,integrity,Low,High,Low,observed_in_v1,Medium,none_in_v1,E2; E8; E9; E10; E16; E19; E27; E35; E28; E38; E44; E39,E2,"Medium because the path has partial or indirect evidence support, but it does not satisfy all High criteria."
P22,package_introduction_or_misselection,consumed_software_behavior_control,hardware_trojan_backdoor_or_logic_bomb,stage_2_logic_synthesis,availability,Low,High,Low,observed_in_v1,Medium,none_in_v1,E2; E8; E9; E10; E16; E19; E27; E35; E28; E38; E44; E39,E2,"Medium because the path has partial or indirect evidence support, but it does not satisfy all High criteria."
P23,package_introduction_or_misselection,consumed_software_behavior_control,hardware_trojan_backdoor_or_logic_bomb,stage_3_post_synthesis_verification,confidentiality,Low,High,Low,observed_in_v1,Medium,none_in_v1,E2; E8; E9; E10; E16; E19; E27; E35; E28; E38; E44; E39,E2,"Medium because the path has partial or indirect evidence support, but it does not satisfy all High criteria."
P24,package_introduction_or_misselection,consumed_software_behavior_control,hardware_trojan_backdoor_or_logic_bomb,stage_3_post_synthesis_verification,integrity,Low,High,Low,observed_in_v1,Medium,none_in_v1,E2; E8; E9; E10; E16; E19; E27; E35; E28; E38; E44; E39,E2,"Medium because the path has partial or indirect evidence support, but it does not satisfy all High criteria."
P25,package_introduction_or_misselection,consumed_software_behavior_control,hardware_trojan_backdoor_or_logic_bomb,stage_3_post_synthesis_verification,availability,Low,High,Low,observed_in_v1,Medium,none_in_v1,E2; E8; E9; E10; E16; E19; E27; E35; E28; E38; E44; E39,E2,"Medium because the path has partial or indirect evidence support, but it does not satisfy all High criteria."
P26,package_introduction_or_misselection,consumed_software_behavior_control,hardware_trojan_backdoor_or_logic_bomb,stage_4_design_for_testability,confidentiality,Low,High,Low,observed_in_v1,Medium,none_in_v1,E2; E8; E9; E10; E16; E19; E27; E35; E28; E38; E44; E39,E2,"Medium because the path has partial or indirect evidence support, but it does not satisfy all High criteria."
P27,package_introduction_or_misselection,consumed_software_behavior_control,hardware_trojan_backdoor_or_logic_bomb,stage_4_design_for_testability,integrity,Low,High,Low,observed_in_v1,Medium,none_in_v1,E2; E8; E9; E10; E16; E19; E27; E35; E28; E38; E44; E39,E2,"Medium because the path has partial or indirect evidence support, but it does not satisfy all High criteria."
P28,package_introduction_or_misselection,consumed_software_behavior_control,hardware_trojan_backdoor_or_logic_bomb,stage_4_design_for_testability,availability,Low,High,Low,observed_in_v1,Medium,none_in_v1,E2; E8; E9; E10; E16; E19; E27; E35; E28; E38; E44; E39,E2,"Medium because the path has partial or indirect evidence support, but it does not satisfy all High criteria."
P29,package_introduction_or_misselection,consumed_software_behavior_control,hardware_trojan_backdoor_or_logic_bomb,stage_5_placement_and_routing,confidentiality,Low,High,Low,observed_in_v1,Medium,none_in_v1,E2; E8; E9; E10; E16; E19; E27; E35; E28; E38; E44; E39,E2,"Medium because the path has partial or indirect evidence support, but it does not satisfy all High criteria."
P30,package_introduction_or_misselection,consumed_software_behavior_control,hardware_trojan_backdoor_or_logic_bomb,stage_5_placement_and_routing,integrity,Low,High,Low,observed_in_v1,Medium,none_in_v1,E2; E8; E9; E10; E16; E19; E27; E35; E28; E38; E44; E39,E2,"Medium because the path has partial or indirect evidence support, but it does not satisfy all High criteria."
P31,package_introduction_or_misselection,consumed_software_behavior_control,hardware_trojan_backdoor_or_logic_bomb,stage_5_placement_and_routing,availability,Low,High,Low,observed_in_v1,Medium,none_in_v1,E2; E8; E9; E10; E16; E19; E27; E35; E28; E38; E44; E39,E2,"Medium because the path has partial or indirect evidence support, but it does not satisfy all High criteria."
P32,package_introduction_or_misselection,consumed_software_behavior_control,hardware_trojan_backdoor_or_logic_bomb,stage_6_static_timing_analysis,confidentiality,Low,High,Low,observed_in_v1,Medium,none_in_v1,E2; E8; E9; E10; E16; E19; E27; E35; E28; E38; E44; E39,E2,"Medium because the path has partial or indirect evidence support, but it does not satisfy all High criteria."
P33,package_introduction_or_misselection,consumed_software_behavior_control,hardware_trojan_backdoor_or_logic_bomb,stage_6_static_timing_analysis,integrity,Low,High,Low,observed_in_v1,Medium,none_in_v1,E2; E8; E9; E10; E16; E19; E27; E35; E28; E38; E44; E39,E2,"Medium because the path has partial or indirect evidence support, but it does not satisfy all High criteria."
P34,package_introduction_or_misselection,consumed_software_behavior_control,hardware_trojan_backdoor_or_logic_bomb,stage_6_static_timing_analysis,availability,Low,High,Low,observed_in_v1,Medium,none_in_v1,E2; E8; E9; E10; E16; E19; E27; E35; E28; E38; E44; E39,E2,"Medium because the path has partial or indirect evidence support, but it does not satisfy all High criteria."
P35,package_introduction_or_misselection,consumed_software_behavior_control,hardware_trojan_backdoor_or_logic_bomb,stage_7_physical_verification_and_signoff,confidentiality,Low,High,Low,observed_in_v1,Medium,none_in_v1,E2; E8; E9; E10; E16; E19; E27; E35; E28; E38; E44; E39,E2,"Medium because the path has partial or indirect evidence support, but it does not satisfy all High criteria."
P36,package_introduction_or_misselection,consumed_software_behavior_control,hardware_trojan_backdoor_or_logic_bomb,stage_7_physical_verification_and_signoff,integrity,Low,High,Low,observed_in_v1,Medium,none_in_v1,E2; E8; E9; E10; E16; E19; E27; E35; E28; E38; E44; E39,E2,"Medium because the path has partial or indirect evidence support, but it does not satisfy all High criteria."
P37,package_introduction_or_misselection,consumed_software_behavior_control,hardware_trojan_backdoor_or_logic_bomb,stage_7_physical_verification_and_signoff,availability,Low,High,Low,observed_in_v1,Medium,none_in_v1,E2; E8; E9; E10; E16; E19; E27; E35; E28; E38; E44; E39,E2,"Medium because the path has partial or indirect evidence support, but it does not satisfy all High criteria."
P38,package_introduction_or_misselection,consumed_software_behavior_control,hardware_trojan_backdoor_or_logic_bomb,stage_8_post_silicon_validation,confidentiality,Low,High,Low,not_observed_in_v1,Low,none_in_v1,E2; E8; E9; E10; E16; E19; E27; E35; E28; E38; E44; E39,E2,Low because the path is model-possible but weakly supported by the current v1 feasibility evidence.
P39,package_introduction_or_misselection,consumed_software_behavior_control,hardware_trojan_backdoor_or_logic_bomb,stage_8_post_silicon_validation,integrity,Low,High,Low,not_observed_in_v1,Low,none_in_v1,E2; E8; E9; E10; E16; E19; E27; E35; E28; E38; E44; E39,E2,Low because the path is model-possible but weakly supported by the current v1 feasibility evidence.
P40,package_introduction_or_misselection,consumed_software_behavior_control,hardware_trojan_backdoor_or_logic_bomb,stage_8_post_silicon_validation,availability,Low,High,Low,not_observed_in_v1,Low,none_in_v1,E2; E8; E9; E10; E16; E19; E27; E35; E28; E38; E44; E39,E2,Low because the path is model-possible but weakly supported by the current v1 feasibility evidence.
P41,package_introduction_or_misselection,consumed_software_behavior_control,hardware_trojan_backdoor_or_logic_bomb,stage_9_manufacturing_testing,confidentiality,Low,High,Low,observed_in_v1,Medium,none_in_v1,E2; E8; E9; E10; E16; E19; E27; E35; E28; E38; E44; E39,E2,"Medium because the path has partial or indirect evidence support, but it does not satisfy all High criteria."
P42,package_introduction_or_misselection,consumed_software_behavior_control,hardware_trojan_backdoor_or_logic_bomb,stage_9_manufacturing_testing,integrity,Low,High,Low,observed_in_v1,Medium,none_in_v1,E2; E8; E9; E10; E16; E19; E27; E35; E28; E38; E44; E39,E2,"Medium because the path has partial or indirect evidence support, but it does not satisfy all High criteria."
P43,package_introduction_or_misselection,consumed_software_behavior_control,hardware_trojan_backdoor_or_logic_bomb,stage_9_manufacturing_testing,availability,Low,High,Low,observed_in_v1,Medium,none_in_v1,E2; E8; E9; E10; E16; E19; E27; E35; E28; E38; E44; E39,E2,"Medium because the path has partial or indirect evidence support, but it does not satisfy all High criteria."
P44,package_introduction_or_misselection,consumed_software_behavior_control,information_leakage_or_asset_exposure,stage_0_design_specification,confidentiality,Low,High,Low,not_observed_in_v1,Low,none_in_v1,E2; E8; E9; E10; E16; E19; E27; E35; E28; E38; E44; E39,none_in_v1,Low because the path is model-possible but weakly supported by the current v1 feasibility evidence.
P45,package_introduction_or_misselection,consumed_software_behavior_control,information_leakage_or_asset_exposure,stage_1_high_level_synthesis,confidentiality,Low,High,Low,observed_in_v1,Medium,none_in_v1,E2; E8; E9; E10; E16; E19; E27; E35; E28; E38; E44; E39,none_in_v1,"Medium because the path has partial or indirect evidence support, but it does not satisfy all High criteria."
P46,package_introduction_or_misselection,consumed_software_behavior_control,information_leakage_or_asset_exposure,stage_2_logic_synthesis,confidentiality,Low,High,Low,observed_in_v1,Medium,none_in_v1,E2; E8; E9; E10; E16; E19; E27; E35; E28; E38; E44; E39,none_in_v1,"Medium because the path has partial or indirect evidence support, but it does not satisfy all High criteria."
P47,package_introduction_or_misselection,consumed_software_behavior_control,information_leakage_or_asset_exposure,stage_3_post_synthesis_verification,confidentiality,Low,High,Low,observed_in_v1,Medium,none_in_v1,E2; E8; E9; E10; E16; E19; E27; E35; E28; E38; E44; E39,none_in_v1,"Medium because the path has partial or indirect evidence support, but it does not satisfy all High criteria."
P48,package_introduction_or_misselection,consumed_software_behavior_control,information_leakage_or_asset_exposure,stage_4_design_for_testability,confidentiality,Low,High,Low,observed_in_v1,Medium,none_in_v1,E2; E8; E9; E10; E16; E19; E27; E35; E28; E38; E44; E39,none_in_v1,"Medium because the path has partial or indirect evidence support, but it does not satisfy all High criteria."
P49,package_introduction_or_misselection,consumed_software_behavior_control,information_leakage_or_asset_exposure,stage_5_placement_and_routing,confidentiality,Low,High,Low,observed_in_v1,Medium,none_in_v1,E2; E8; E9; E10; E16; E19; E27; E35; E28; E38; E44; E39,none_in_v1,"Medium because the path has partial or indirect evidence support, but it does not satisfy all High criteria."
P50,package_introduction_or_misselection,consumed_software_behavior_control,information_leakage_or_asset_exposure,stage_6_static_timing_analysis,confidentiality,Low,High,Low,observed_in_v1,Medium,none_in_v1,E2; E8; E9; E10; E16; E19; E27; E35; E28; E38; E44; E39,none_in_v1,"Medium because the path has partial or indirect evidence support, but it does not satisfy all High criteria."
P51,package_introduction_or_misselection,consumed_software_behavior_control,information_leakage_or_asset_exposure,stage_7_physical_verification_and_signoff,confidentiality,Low,High,Low,observed_in_v1,Medium,none_in_v1,E2; E8; E9; E10; E16; E19; E27; E35; E28; E38; E44; E39,none_in_v1,"Medium because the path has partial or indirect evidence support, but it does not satisfy all High criteria."
P52,package_introduction_or_misselection,consumed_software_behavior_control,information_leakage_or_asset_exposure,stage_8_post_silicon_validation,confidentiality,Low,High,Low,not_observed_in_v1,Low,none_in_v1,E2; E8; E9; E10; E16; E19; E27; E35; E28; E38; E44; E39,none_in_v1,Low because the path is model-possible but weakly supported by the current v1 feasibility evidence.
P53,package_introduction_or_misselection,consumed_software_behavior_control,information_leakage_or_asset_exposure,stage_9_manufacturing_testing,confidentiality,Low,High,Low,observed_in_v1,Medium,none_in_v1,E2; E8; E9; E10; E16; E19; E27; E35; E28; E38; E44; E39,none_in_v1,"Medium because the path has partial or indirect evidence support, but it does not satisfy all High criteria."
P54,package_introduction_or_misselection,consumed_software_behavior_control,hls_induced_security_vulnerability,stage_1_high_level_synthesis,confidentiality,Low,High,Low,observed_in_v1,Medium,none_in_v1,E2; E8; E9; E10; E16; E19; E27; E35; E28; E38; E44; E39,none_in_v1,"Medium because the path has partial or indirect evidence support, but it does not satisfy all High criteria."
P55,package_introduction_or_misselection,consumed_software_behavior_control,hls_induced_security_vulnerability,stage_1_high_level_synthesis,integrity,Low,High,Low,observed_in_v1,Medium,none_in_v1,E2; E8; E9; E10; E16; E19; E27; E35; E28; E38; E44; E39,none_in_v1,"Medium because the path has partial or indirect evidence support, but it does not satisfy all High criteria."
P56,package_introduction_or_misselection,consumed_software_behavior_control,hls_induced_security_vulnerability,stage_1_high_level_synthesis,availability,Low,High,Low,observed_in_v1,Medium,none_in_v1,E2; E8; E9; E10; E16; E19; E27; E35; E28; E38; E44; E39,none_in_v1,"Medium because the path has partial or indirect evidence support, but it does not satisfy all High criteria."
P57,package_introduction_or_misselection,consumed_software_behavior_control,hls_induced_security_vulnerability,stage_2_logic_synthesis,confidentiality,Low,High,Low,observed_in_v1,Medium,none_in_v1,E2; E8; E9; E10; E16; E19; E27; E35; E28; E38; E44; E39,none_in_v1,"Medium because the path has partial or indirect evidence support, but it does not satisfy all High criteria."
P58,package_introduction_or_misselection,consumed_software_behavior_control,hls_induced_security_vulnerability,stage_2_logic_synthesis,integrity,Low,High,Low,observed_in_v1,Medium,none_in_v1,E2; E8; E9; E10; E16; E19; E27; E35; E28; E38; E44; E39,none_in_v1,"Medium because the path has partial or indirect evidence support, but it does not satisfy all High criteria."
P59,package_introduction_or_misselection,consumed_software_behavior_control,hls_induced_security_vulnerability,stage_2_logic_synthesis,availability,Low,High,Low,observed_in_v1,Medium,none_in_v1,E2; E8; E9; E10; E16; E19; E27; E35; E28; E38; E44; E39,none_in_v1,"Medium because the path has partial or indirect evidence support, but it does not satisfy all High criteria."
P60,package_introduction_or_misselection,consumed_software_behavior_control,hls_induced_security_vulnerability,stage_3_post_synthesis_verification,confidentiality,Low,High,Low,observed_in_v1,Medium,none_in_v1,E2; E8; E9; E10; E16; E19; E27; E35; E28; E38; E44; E39,none_in_v1,"Medium because the path has partial or indirect evidence support, but it does not satisfy all High criteria."
P61,package_introduction_or_misselection,consumed_software_behavior_control,hls_induced_security_vulnerability,stage_3_post_synthesis_verification,integrity,Low,High,Low,observed_in_v1,Medium,none_in_v1,E2; E8; E9; E10; E16; E19; E27; E35; E28; E38; E44; E39,none_in_v1,"Medium because the path has partial or indirect evidence support, but it does not satisfy all High criteria."
P62,package_introduction_or_misselection,consumed_software_behavior_control,hls_induced_security_vulnerability,stage_3_post_synthesis_verification,availability,Low,High,Low,observed_in_v1,Medium,none_in_v1,E2; E8; E9; E10; E16; E19; E27; E35; E28; E38; E44; E39,none_in_v1,"Medium because the path has partial or indirect evidence support, but it does not satisfy all High criteria."
P63,package_introduction_or_misselection,consumed_software_behavior_control,access_abuse_or_system_disruption,stage_0_design_specification,integrity,Low,High,Medium,not_observed_in_v1,Low,none_in_v1,E2; E8; E9; E10; E16; E19; E27; E35; E28; E38; E44; E39,E10; E49; E50,Low because the path is model-possible but weakly supported by the current v1 feasibility evidence.
P64,package_introduction_or_misselection,consumed_software_behavior_control,access_abuse_or_system_disruption,stage_0_design_specification,availability,Low,High,Medium,not_observed_in_v1,Low,none_in_v1,E2; E8; E9; E10; E16; E19; E27; E35; E28; E38; E44; E39,E10; E49; E50,Low because the path is model-possible but weakly supported by the current v1 feasibility evidence.
P65,package_introduction_or_misselection,consumed_software_behavior_control,access_abuse_or_system_disruption,stage_1_high_level_synthesis,integrity,Low,High,Medium,observed_in_v1,Medium,none_in_v1,E2; E8; E9; E10; E16; E19; E27; E35; E28; E38; E44; E39,E10; E49; E50,"Medium because the path has partial or indirect evidence support, but it does not satisfy all High criteria."
P66,package_introduction_or_misselection,consumed_software_behavior_control,access_abuse_or_system_disruption,stage_1_high_level_synthesis,availability,Low,High,Medium,observed_in_v1,Medium,none_in_v1,E2; E8; E9; E10; E16; E19; E27; E35; E28; E38; E44; E39,E10; E49; E50,"Medium because the path has partial or indirect evidence support, but it does not satisfy all High criteria."
P67,package_introduction_or_misselection,consumed_software_behavior_control,access_abuse_or_system_disruption,stage_2_logic_synthesis,integrity,Low,High,Medium,observed_in_v1,Medium,none_in_v1,E2; E8; E9; E10; E16; E19; E27; E35; E28; E38; E44; E39,E10; E49; E50,"Medium because the path has partial or indirect evidence support, but it does not satisfy all High criteria."
P68,package_introduction_or_misselection,consumed_software_behavior_control,access_abuse_or_system_disruption,stage_2_logic_synthesis,availability,Low,High,Medium,observed_in_v1,Medium,none_in_v1,E2; E8; E9; E10; E16; E19; E27; E35; E28; E38; E44; E39,E10; E49; E50,"Medium because the path has partial or indirect evidence support, but it does not satisfy all High criteria."
P69,package_introduction_or_misselection,consumed_software_behavior_control,access_abuse_or_system_disruption,stage_3_post_synthesis_verification,integrity,Low,High,Medium,observed_in_v1,Medium,none_in_v1,E2; E8; E9; E10; E16; E19; E27; E35; E28; E38; E44; E39,E10; E49; E50,"Medium because the path has partial or indirect evidence support, but it does not satisfy all High criteria."
P70,package_introduction_or_misselection,consumed_software_behavior_control,access_abuse_or_system_disruption,stage_3_post_synthesis_verification,availability,Low,High,Medium,observed_in_v1,Medium,none_in_v1,E2; E8; E9; E10; E16; E19; E27; E35; E28; E38; E44; E39,E10; E49; E50,"Medium because the path has partial or indirect evidence support, but it does not satisfy all High criteria."
P71,package_introduction_or_misselection,consumed_software_behavior_control,access_abuse_or_system_disruption,stage_4_design_for_testability,integrity,Low,High,Medium,observed_in_v1,Medium,none_in_v1,E2; E8; E9; E10; E16; E19; E27; E35; E28; E38; E44; E39,E10; E49; E50,"Medium because the path has partial or indirect evidence support, but it does not satisfy all High criteria."
P72,package_introduction_or_misselection,consumed_software_behavior_control,access_abuse_or_system_disruption,stage_4_design_for_testability,availability,Low,High,Medium,observed_in_v1,Medium,none_in_v1,E2; E8; E9; E10; E16; E19; E27; E35; E28; E38; E44; E39,E10; E49; E50,"Medium because the path has partial or indirect evidence support, but it does not satisfy all High criteria."
P73,package_introduction_or_misselection,consumed_software_behavior_control,access_abuse_or_system_disruption,stage_5_placement_and_routing,integrity,Low,High,Medium,observed_in_v1,Medium,none_in_v1,E2; E8; E9; E10; E16; E19; E27; E35; E28; E38; E44; E39,E10; E49; E50,"Medium because the path has partial or indirect evidence support, but it does not satisfy all High criteria."
P74,package_introduction_or_misselection,consumed_software_behavior_control,access_abuse_or_system_disruption,stage_5_placement_and_routing,availability,Low,High,Medium,observed_in_v1,Medium,none_in_v1,E2; E8; E9; E10; E16; E19; E27; E35; E28; E38; E44; E39,E10; E49; E50,"Medium because the path has partial or indirect evidence support, but it does not satisfy all High criteria."
P75,package_introduction_or_misselection,consumed_software_behavior_control,access_abuse_or_system_disruption,stage_6_static_timing_analysis,integrity,Low,High,Medium,observed_in_v1,Medium,none_in_v1,E2; E8; E9; E10; E16; E19; E27; E35; E28; E38; E44; E39,E10; E49; E50,"Medium because the path has partial or indirect evidence support, but it does not satisfy all High criteria."
P76,package_introduction_or_misselection,consumed_software_behavior_control,access_abuse_or_system_disruption,stage_6_static_timing_analysis,availability,Low,High,Medium,observed_in_v1,Medium,none_in_v1,E2; E8; E9; E10; E16; E19; E27; E35; E28; E38; E44; E39,E10; E49; E50,"Medium because the path has partial or indirect evidence support, but it does not satisfy all High criteria."
P77,package_introduction_or_misselection,consumed_software_behavior_control,access_abuse_or_system_disruption,stage_7_physical_verification_and_signoff,integrity,Low,High,Medium,observed_in_v1,Medium,none_in_v1,E2; E8; E9; E10; E16; E19; E27; E35; E28; E38; E44; E39,E10; E49; E50,"Medium because the path has partial or indirect evidence support, but it does not satisfy all High criteria."
P78,package_introduction_or_misselection,consumed_software_behavior_control,access_abuse_or_system_disruption,stage_7_physical_verification_and_signoff,availability,Low,High,Medium,observed_in_v1,Medium,none_in_v1,E2; E8; E9; E10; E16; E19; E27; E35; E28; E38; E44; E39,E10; E49; E50,"Medium because the path has partial or indirect evidence support, but it does not satisfy all High criteria."
P79,package_introduction_or_misselection,consumed_software_behavior_control,access_abuse_or_system_disruption,stage_8_post_silicon_validation,integrity,Low,High,Medium,not_observed_in_v1,Low,none_in_v1,E2; E8; E9; E10; E16; E19; E27; E35; E28; E38; E44; E39,E10; E49; E50,Low because the path is model-possible but weakly supported by the current v1 feasibility evidence.
P80,package_introduction_or_misselection,consumed_software_behavior_control,access_abuse_or_system_disruption,stage_8_post_silicon_validation,availability,Low,High,Medium,not_observed_in_v1,Low,none_in_v1,E2; E8; E9; E10; E16; E19; E27; E35; E28; E38; E44; E39,E10; E49; E50,Low because the path is model-possible but weakly supported by the current v1 feasibility evidence.
P81,package_introduction_or_misselection,consumed_software_behavior_control,access_abuse_or_system_disruption,stage_9_manufacturing_testing,integrity,Low,High,Medium,observed_in_v1,Medium,none_in_v1,E2; E8; E9; E10; E16; E19; E27; E35; E28; E38; E44; E39,E10; E49; E50,"Medium because the path has partial or indirect evidence support, but it does not satisfy all High criteria."
P82,package_introduction_or_misselection,consumed_software_behavior_control,access_abuse_or_system_disruption,stage_9_manufacturing_testing,availability,Low,High,Medium,observed_in_v1,Medium,none_in_v1,E2; E8; E9; E10; E16; E19; E27; E35; E28; E38; E44; E39,E10; E49; E50,"Medium because the path has partial or indirect evidence support, but it does not satisfy all High criteria."
P83,source_repository_or_code_tampering,source_or_repository_modification,design_tampering_or_malicious_modification,stage_0_design_specification,integrity,Low,Low,Medium,not_observed_in_v1,Low,none_in_v1,none_in_v1,E2; E10; E19,Low because the path is model-possible but weakly supported by the current v1 feasibility evidence.
P84,source_repository_or_code_tampering,source_or_repository_modification,design_tampering_or_malicious_modification,stage_0_design_specification,availability,Low,Low,Medium,not_observed_in_v1,Low,none_in_v1,none_in_v1,E2; E10; E19,Low because the path is model-possible but weakly supported by the current v1 feasibility evidence.
P85,source_repository_or_code_tampering,source_or_repository_modification,design_tampering_or_malicious_modification,stage_1_high_level_synthesis,integrity,Low,Low,Medium,observed_in_v1,Low,none_in_v1,none_in_v1,E2; E10; E19,Low because the path is model-possible but weakly supported by the current v1 feasibility evidence.
P86,source_repository_or_code_tampering,source_or_repository_modification,design_tampering_or_malicious_modification,stage_1_high_level_synthesis,availability,Low,Low,Medium,observed_in_v1,Low,none_in_v1,none_in_v1,E2; E10; E19,Low because the path is model-possible but weakly supported by the current v1 feasibility evidence.
P87,source_repository_or_code_tampering,source_or_repository_modification,design_tampering_or_malicious_modification,stage_2_logic_synthesis,integrity,Low,Low,Medium,observed_in_v1,Low,none_in_v1,none_in_v1,E2; E10; E19,Low because the path is model-possible but weakly supported by the current v1 feasibility evidence.
P88,source_repository_or_code_tampering,source_or_repository_modification,design_tampering_or_malicious_modification,stage_2_logic_synthesis,availability,Low,Low,Medium,observed_in_v1,Low,none_in_v1,none_in_v1,E2; E10; E19,Low because the path is model-possible but weakly supported by the current v1 feasibility evidence.
P89,source_repository_or_code_tampering,source_or_repository_modification,design_tampering_or_malicious_modification,stage_3_post_synthesis_verification,integrity,Low,Low,Medium,observed_in_v1,Low,none_in_v1,none_in_v1,E2; E10; E19,Low because the path is model-possible but weakly supported by the current v1 feasibility evidence.
P90,source_repository_or_code_tampering,source_or_repository_modification,design_tampering_or_malicious_modification,stage_3_post_synthesis_verification,availability,Low,Low,Medium,observed_in_v1,Low,none_in_v1,none_in_v1,E2; E10; E19,Low because the path is model-possible but weakly supported by the current v1 feasibility evidence.
P91,source_repository_or_code_tampering,source_or_repository_modification,design_tampering_or_malicious_modification,stage_4_design_for_testability,integrity,Low,Low,Medium,observed_in_v1,Low,none_in_v1,none_in_v1,E2; E10; E19,Low because the path is model-possible but weakly supported by the current v1 feasibility evidence.
P92,source_repository_or_code_tampering,source_or_repository_modification,design_tampering_or_malicious_modification,stage_4_design_for_testability,availability,Low,Low,Medium,observed_in_v1,Low,none_in_v1,none_in_v1,E2; E10; E19,Low because the path is model-possible but weakly supported by the current v1 feasibility evidence.
P93,source_repository_or_code_tampering,source_or_repository_modification,design_tampering_or_malicious_modification,stage_5_placement_and_routing,integrity,Low,Low,Medium,observed_in_v1,Low,none_in_v1,none_in_v1,E2; E10; E19,Low because the path is model-possible but weakly supported by the current v1 feasibility evidence.
P94,source_repository_or_code_tampering,source_or_repository_modification,design_tampering_or_malicious_modification,stage_5_placement_and_routing,availability,Low,Low,Medium,observed_in_v1,Low,none_in_v1,none_in_v1,E2; E10; E19,Low because the path is model-possible but weakly supported by the current v1 feasibility evidence.
P95,source_repository_or_code_tampering,source_or_repository_modification,design_tampering_or_malicious_modification,stage_6_static_timing_analysis,integrity,Low,Low,Medium,observed_in_v1,Low,none_in_v1,none_in_v1,E2; E10; E19,Low because the path is model-possible but weakly supported by the current v1 feasibility evidence.
P96,source_repository_or_code_tampering,source_or_repository_modification,design_tampering_or_malicious_modification,stage_6_static_timing_analysis,availability,Low,Low,Medium,observed_in_v1,Low,none_in_v1,none_in_v1,E2; E10; E19,Low because the path is model-possible but weakly supported by the current v1 feasibility evidence.
P97,source_repository_or_code_tampering,source_or_repository_modification,design_tampering_or_malicious_modification,stage_7_physical_verification_and_signoff,integrity,Low,Low,Medium,observed_in_v1,Low,none_in_v1,none_in_v1,E2; E10; E19,Low because the path is model-possible but weakly supported by the current v1 feasibility evidence.
P98,source_repository_or_code_tampering,source_or_repository_modification,design_tampering_or_malicious_modification,stage_7_physical_verification_and_signoff,availability,Low,Low,Medium,observed_in_v1,Low,none_in_v1,none_in_v1,E2; E10; E19,Low because the path is model-possible but weakly supported by the current v1 feasibility evidence.
P99,source_repository_or_code_tampering,source_or_repository_modification,hardware_trojan_backdoor_or_logic_bomb,stage_1_high_level_synthesis,confidentiality,Low,Low,Low,observed_in_v1,Low,none_in_v1,none_in_v1,E2,Low because the path is model-possible but weakly supported by the current v1 feasibility evidence.
P100,source_repository_or_code_tampering,source_or_repository_modification,hardware_trojan_backdoor_or_logic_bomb,stage_1_high_level_synthesis,integrity,Low,Low,Low,observed_in_v1,Low,none_in_v1,none_in_v1,E2,Low because the path is model-possible but weakly supported by the current v1 feasibility evidence.
P101,source_repository_or_code_tampering,source_or_repository_modification,hardware_trojan_backdoor_or_logic_bomb,stage_1_high_level_synthesis,availability,Low,Low,Low,observed_in_v1,Low,none_in_v1,none_in_v1,E2,Low because the path is model-possible but weakly supported by the current v1 feasibility evidence.
P102,source_repository_or_code_tampering,source_or_repository_modification,hardware_trojan_backdoor_or_logic_bomb,stage_2_logic_synthesis,confidentiality,Low,Low,Low,observed_in_v1,Low,none_in_v1,none_in_v1,E2,Low because the path is model-possible but weakly supported by the current v1 feasibility evidence.
P103,source_repository_or_code_tampering,source_or_repository_modification,hardware_trojan_backdoor_or_logic_bomb,stage_2_logic_synthesis,integrity,Low,Low,Low,observed_in_v1,Low,none_in_v1,none_in_v1,E2,Low because the path is model-possible but weakly supported by the current v1 feasibility evidence.
P104,source_repository_or_code_tampering,source_or_repository_modification,hardware_trojan_backdoor_or_logic_bomb,stage_2_logic_synthesis,availability,Low,Low,Low,observed_in_v1,Low,none_in_v1,none_in_v1,E2,Low because the path is model-possible but weakly supported by the current v1 feasibility evidence.
P105,source_repository_or_code_tampering,source_or_repository_modification,hardware_trojan_backdoor_or_logic_bomb,stage_3_post_synthesis_verification,confidentiality,Low,Low,Low,observed_in_v1,Low,none_in_v1,none_in_v1,E2,Low because the path is model-possible but weakly supported by the current v1 feasibility evidence.
P106,source_repository_or_code_tampering,source_or_repository_modification,hardware_trojan_backdoor_or_logic_bomb,stage_3_post_synthesis_verification,integrity,Low,Low,Low,observed_in_v1,Low,none_in_v1,none_in_v1,E2,Low because the path is model-possible but weakly supported by the current v1 feasibility evidence.
P107,source_repository_or_code_tampering,source_or_repository_modification,hardware_trojan_backdoor_or_logic_bomb,stage_3_post_synthesis_verification,availability,Low,Low,Low,observed_in_v1,Low,none_in_v1,none_in_v1,E2,Low because the path is model-possible but weakly supported by the current v1 feasibility evidence.
P108,source_repository_or_code_tampering,source_or_repository_modification,hardware_trojan_backdoor_or_logic_bomb,stage_4_design_for_testability,confidentiality,Low,Low,Low,observed_in_v1,Low,none_in_v1,none_in_v1,E2,Low because the path is model-possible but weakly supported by the current v1 feasibility evidence.
P109,source_repository_or_code_tampering,source_or_repository_modification,hardware_trojan_backdoor_or_logic_bomb,stage_4_design_for_testability,integrity,Low,Low,Low,observed_in_v1,Low,none_in_v1,none_in_v1,E2,Low because the path is model-possible but weakly supported by the current v1 feasibility evidence.
P110,source_repository_or_code_tampering,source_or_repository_modification,hardware_trojan_backdoor_or_logic_bomb,stage_4_design_for_testability,availability,Low,Low,Low,observed_in_v1,Low,none_in_v1,none_in_v1,E2,Low because the path is model-possible but weakly supported by the current v1 feasibility evidence.
P111,source_repository_or_code_tampering,source_or_repository_modification,hardware_trojan_backdoor_or_logic_bomb,stage_5_placement_and_routing,confidentiality,Low,Low,Low,observed_in_v1,Low,none_in_v1,none_in_v1,E2,Low because the path is model-possible but weakly supported by the current v1 feasibility evidence.
P112,source_repository_or_code_tampering,source_or_repository_modification,hardware_trojan_backdoor_or_logic_bomb,stage_5_placement_and_routing,integrity,Low,Low,Low,observed_in_v1,Low,none_in_v1,none_in_v1,E2,Low because the path is model-possible but weakly supported by the current v1 feasibility evidence.
P113,source_repository_or_code_tampering,source_or_repository_modification,hardware_trojan_backdoor_or_logic_bomb,stage_5_placement_and_routing,availability,Low,Low,Low,observed_in_v1,Low,none_in_v1,none_in_v1,E2,Low because the path is model-possible but weakly supported by the current v1 feasibility evidence.
P114,source_repository_or_code_tampering,source_or_repository_modification,hardware_trojan_backdoor_or_logic_bomb,stage_6_static_timing_analysis,confidentiality,Low,Low,Low,observed_in_v1,Low,none_in_v1,none_in_v1,E2,Low because the path is model-possible but weakly supported by the current v1 feasibility evidence.
P115,source_repository_or_code_tampering,source_or_repository_modification,hardware_trojan_backdoor_or_logic_bomb,stage_6_static_timing_analysis,integrity,Low,Low,Low,observed_in_v1,Low,none_in_v1,none_in_v1,E2,Low because the path is model-possible but weakly supported by the current v1 feasibility evidence.
P116,source_repository_or_code_tampering,source_or_repository_modification,hardware_trojan_backdoor_or_logic_bomb,stage_6_static_timing_analysis,availability,Low,Low,Low,observed_in_v1,Low,none_in_v1,none_in_v1,E2,Low because the path is model-possible but weakly supported by the current v1 feasibility evidence.
P117,source_repository_or_code_tampering,source_or_repository_modification,hardware_trojan_backdoor_or_logic_bomb,stage_7_physical_verification_and_signoff,confidentiality,Low,Low,Low,observed_in_v1,Low,none_in_v1,none_in_v1,E2,Low because the path is model-possible but weakly supported by the current v1 feasibility evidence.
P118,source_repository_or_code_tampering,source_or_repository_modification,hardware_trojan_backdoor_or_logic_bomb,stage_7_physical_verification_and_signoff,integrity,Low,Low,Low,observed_in_v1,Low,none_in_v1,none_in_v1,E2,Low because the path is model-possible but weakly supported by the current v1 feasibility evidence.
P119,source_repository_or_code_tampering,source_or_repository_modification,hardware_trojan_backdoor_or_logic_bomb,stage_7_physical_verification_and_signoff,availability,Low,Low,Low,observed_in_v1,Low,none_in_v1,none_in_v1,E2,Low because the path is model-possible but weakly supported by the current v1 feasibility evidence.
P120,source_repository_or_code_tampering,source_or_repository_modification,hardware_trojan_backdoor_or_logic_bomb,stage_8_post_silicon_validation,confidentiality,Low,Low,Low,not_observed_in_v1,Low,none_in_v1,none_in_v1,E2,Low because the path is model-possible but weakly supported by the current v1 feasibility evidence.
P121,source_repository_or_code_tampering,source_or_repository_modification,hardware_trojan_backdoor_or_logic_bomb,stage_8_post_silicon_validation,integrity,Low,Low,Low,not_observed_in_v1,Low,none_in_v1,none_in_v1,E2,Low because the path is model-possible but weakly supported by the current v1 feasibility evidence.
P122,source_repository_or_code_tampering,source_or_repository_modification,hardware_trojan_backdoor_or_logic_bomb,stage_8_post_silicon_validation,availability,Low,Low,Low,not_observed_in_v1,Low,none_in_v1,none_in_v1,E2,Low because the path is model-possible but weakly supported by the current v1 feasibility evidence.
P123,source_repository_or_code_tampering,source_or_repository_modification,hardware_trojan_backdoor_or_logic_bomb,stage_9_manufacturing_testing,confidentiality,Low,Low,Low,observed_in_v1,Low,none_in_v1,none_in_v1,E2,Low because the path is model-possible but weakly supported by the current v1 feasibility evidence.
P124,source_repository_or_code_tampering,source_or_repository_modification,hardware_trojan_backdoor_or_logic_bomb,stage_9_manufacturing_testing,integrity,Low,Low,Low,observed_in_v1,Low,none_in_v1,none_in_v1,E2,Low because the path is model-possible but weakly supported by the current v1 feasibility evidence.
P125,source_repository_or_code_tampering,source_or_repository_modification,hardware_trojan_backdoor_or_logic_bomb,stage_9_manufacturing_testing,availability,Low,Low,Low,observed_in_v1,Low,none_in_v1,none_in_v1,E2,Low because the path is model-possible but weakly supported by the current v1 feasibility evidence.
P126,source_repository_or_code_tampering,source_or_repository_modification,information_leakage_or_asset_exposure,stage_0_design_specification,confidentiality,Low,Low,Low,not_observed_in_v1,Low,none_in_v1,none_in_v1,none_in_v1,Low because the path is model-possible but weakly supported by the current v1 feasibility evidence.
P127,source_repository_or_code_tampering,source_or_repository_modification,information_leakage_or_asset_exposure,stage_1_high_level_synthesis,confidentiality,Low,Low,Low,observed_in_v1,Low,none_in_v1,none_in_v1,none_in_v1,Low because the path is model-possible but weakly supported by the current v1 feasibility evidence.
P128,source_repository_or_code_tampering,source_or_repository_modification,information_leakage_or_asset_exposure,stage_2_logic_synthesis,confidentiality,Low,Low,Low,observed_in_v1,Low,none_in_v1,none_in_v1,none_in_v1,Low because the path is model-possible but weakly supported by the current v1 feasibility evidence.
P129,source_repository_or_code_tampering,source_or_repository_modification,information_leakage_or_asset_exposure,stage_3_post_synthesis_verification,confidentiality,Low,Low,Low,observed_in_v1,Low,none_in_v1,none_in_v1,none_in_v1,Low because the path is model-possible but weakly supported by the current v1 feasibility evidence.
P130,source_repository_or_code_tampering,source_or_repository_modification,information_leakage_or_asset_exposure,stage_4_design_for_testability,confidentiality,Low,Low,Low,observed_in_v1,Low,none_in_v1,none_in_v1,none_in_v1,Low because the path is model-possible but weakly supported by the current v1 feasibility evidence.
P131,source_repository_or_code_tampering,source_or_repository_modification,information_leakage_or_asset_exposure,stage_5_placement_and_routing,confidentiality,Low,Low,Low,observed_in_v1,Low,none_in_v1,none_in_v1,none_in_v1,Low because the path is model-possible but weakly supported by the current v1 feasibility evidence.
P132,source_repository_or_code_tampering,source_or_repository_modification,information_leakage_or_asset_exposure,stage_6_static_timing_analysis,confidentiality,Low,Low,Low,observed_in_v1,Low,none_in_v1,none_in_v1,none_in_v1,Low because the path is model-possible but weakly supported by the current v1 feasibility evidence.
P133,source_repository_or_code_tampering,source_or_repository_modification,information_leakage_or_asset_exposure,stage_7_physical_verification_and_signoff,confidentiality,Low,Low,Low,observed_in_v1,Low,none_in_v1,none_in_v1,none_in_v1,Low because the path is model-possible but weakly supported by the current v1 feasibility evidence.
P134,source_repository_or_code_tampering,source_or_repository_modification,information_leakage_or_asset_exposure,stage_8_post_silicon_validation,confidentiality,Low,Low,Low,not_observed_in_v1,Low,none_in_v1,none_in_v1,none_in_v1,Low because the path is model-possible but weakly supported by the current v1 feasibility evidence.
P135,source_repository_or_code_tampering,source_or_repository_modification,information_leakage_or_asset_exposure,stage_9_manufacturing_testing,confidentiality,Low,Low,Low,observed_in_v1,Low,none_in_v1,none_in_v1,none_in_v1,Low because the path is model-possible but weakly supported by the current v1 feasibility evidence.
P136,source_repository_or_code_tampering,source_or_repository_modification,hls_induced_security_vulnerability,stage_1_high_level_synthesis,confidentiality,Low,Low,Low,observed_in_v1,Low,none_in_v1,none_in_v1,none_in_v1,Low because the path is model-possible but weakly supported by the current v1 feasibility evidence.
P137,source_repository_or_code_tampering,source_or_repository_modification,hls_induced_security_vulnerability,stage_1_high_level_synthesis,integrity,Low,Low,Low,observed_in_v1,Low,none_in_v1,none_in_v1,none_in_v1,Low because the path is model-possible but weakly supported by the current v1 feasibility evidence.
P138,source_repository_or_code_tampering,source_or_repository_modification,hls_induced_security_vulnerability,stage_1_high_level_synthesis,availability,Low,Low,Low,observed_in_v1,Low,none_in_v1,none_in_v1,none_in_v1,Low because the path is model-possible but weakly supported by the current v1 feasibility evidence.
P139,source_repository_or_code_tampering,source_or_repository_modification,hls_induced_security_vulnerability,stage_2_logic_synthesis,confidentiality,Low,Low,Low,observed_in_v1,Low,none_in_v1,none_in_v1,none_in_v1,Low because the path is model-possible but weakly supported by the current v1 feasibility evidence.
P140,source_repository_or_code_tampering,source_or_repository_modification,hls_induced_security_vulnerability,stage_2_logic_synthesis,integrity,Low,Low,Low,observed_in_v1,Low,none_in_v1,none_in_v1,none_in_v1,Low because the path is model-possible but weakly supported by the current v1 feasibility evidence.
P141,source_repository_or_code_tampering,source_or_repository_modification,hls_induced_security_vulnerability,stage_2_logic_synthesis,availability,Low,Low,Low,observed_in_v1,Low,none_in_v1,none_in_v1,none_in_v1,Low because the path is model-possible but weakly supported by the current v1 feasibility evidence.
P142,source_repository_or_code_tampering,source_or_repository_modification,hls_induced_security_vulnerability,stage_3_post_synthesis_verification,confidentiality,Low,Low,Low,observed_in_v1,Low,none_in_v1,none_in_v1,none_in_v1,Low because the path is model-possible but weakly supported by the current v1 feasibility evidence.
P143,source_repository_or_code_tampering,source_or_repository_modification,hls_induced_security_vulnerability,stage_3_post_synthesis_verification,integrity,Low,Low,Low,observed_in_v1,Low,none_in_v1,none_in_v1,none_in_v1,Low because the path is model-possible but weakly supported by the current v1 feasibility evidence.
P144,source_repository_or_code_tampering,source_or_repository_modification,hls_induced_security_vulnerability,stage_3_post_synthesis_verification,availability,Low,Low,Low,observed_in_v1,Low,none_in_v1,none_in_v1,none_in_v1,Low because the path is model-possible but weakly supported by the current v1 feasibility evidence.
P145,source_repository_or_code_tampering,source_or_repository_modification,access_abuse_or_system_disruption,stage_0_design_specification,integrity,Low,Low,Medium,not_observed_in_v1,Low,none_in_v1,none_in_v1,E10; E49; E50,Low because the path is model-possible but weakly supported by the current v1 feasibility evidence.
P146,source_repository_or_code_tampering,source_or_repository_modification,access_abuse_or_system_disruption,stage_0_design_specification,availability,Low,Low,Medium,not_observed_in_v1,Low,none_in_v1,none_in_v1,E10; E49; E50,Low because the path is model-possible but weakly supported by the current v1 feasibility evidence.
P147,source_repository_or_code_tampering,source_or_repository_modification,access_abuse_or_system_disruption,stage_1_high_level_synthesis,integrity,Low,Low,Medium,observed_in_v1,Low,none_in_v1,none_in_v1,E10; E49; E50,Low because the path is model-possible but weakly supported by the current v1 feasibility evidence.
P148,source_repository_or_code_tampering,source_or_repository_modification,access_abuse_or_system_disruption,stage_1_high_level_synthesis,availability,Low,Low,Medium,observed_in_v1,Low,none_in_v1,none_in_v1,E10; E49; E50,Low because the path is model-possible but weakly supported by the current v1 feasibility evidence.
P149,source_repository_or_code_tampering,source_or_repository_modification,access_abuse_or_system_disruption,stage_2_logic_synthesis,integrity,Low,Low,Medium,observed_in_v1,Low,none_in_v1,none_in_v1,E10; E49; E50,Low because the path is model-possible but weakly supported by the current v1 feasibility evidence.
P150,source_repository_or_code_tampering,source_or_repository_modification,access_abuse_or_system_disruption,stage_2_logic_synthesis,availability,Low,Low,Medium,observed_in_v1,Low,none_in_v1,none_in_v1,E10; E49; E50,Low because the path is model-possible but weakly supported by the current v1 feasibility evidence.
P151,source_repository_or_code_tampering,source_or_repository_modification,access_abuse_or_system_disruption,stage_3_post_synthesis_verification,integrity,Low,Low,Medium,observed_in_v1,Low,none_in_v1,none_in_v1,E10; E49; E50,Low because the path is model-possible but weakly supported by the current v1 feasibility evidence.
P152,source_repository_or_code_tampering,source_or_repository_modification,access_abuse_or_system_disruption,stage_3_post_synthesis_verification,availability,Low,Low,Medium,observed_in_v1,Low,none_in_v1,none_in_v1,E10; E49; E50,Low because the path is model-possible but weakly supported by the current v1 feasibility evidence.
P153,source_repository_or_code_tampering,source_or_repository_modification,access_abuse_or_system_disruption,stage_4_design_for_testability,integrity,Low,Low,Medium,observed_in_v1,Low,none_in_v1,none_in_v1,E10; E49; E50,Low because the path is model-possible but weakly supported by the current v1 feasibility evidence.
P154,source_repository_or_code_tampering,source_or_repository_modification,access_abuse_or_system_disruption,stage_4_design_for_testability,availability,Low,Low,Medium,observed_in_v1,Low,none_in_v1,none_in_v1,E10; E49; E50,Low because the path is model-possible but weakly supported by the current v1 feasibility evidence.
P155,source_repository_or_code_tampering,source_or_repository_modification,access_abuse_or_system_disruption,stage_5_placement_and_routing,integrity,Low,Low,Medium,observed_in_v1,Low,none_in_v1,none_in_v1,E10; E49; E50,Low because the path is model-possible but weakly supported by the current v1 feasibility evidence.
P156,source_repository_or_code_tampering,source_or_repository_modification,access_abuse_or_system_disruption,stage_5_placement_and_routing,availability,Low,Low,Medium,observed_in_v1,Low,none_in_v1,none_in_v1,E10; E49; E50,Low because the path is model-possible but weakly supported by the current v1 feasibility evidence.
P157,source_repository_or_code_tampering,source_or_repository_modification,access_abuse_or_system_disruption,stage_6_static_timing_analysis,integrity,Low,Low,Medium,observed_in_v1,Low,none_in_v1,none_in_v1,E10; E49; E50,Low because the path is model-possible but weakly supported by the current v1 feasibility evidence.
P158,source_repository_or_code_tampering,source_or_repository_modification,access_abuse_or_system_disruption,stage_6_static_timing_analysis,availability,Low,Low,Medium,observed_in_v1,Low,none_in_v1,none_in_v1,E10; E49; E50,Low because the path is model-possible but weakly supported by the current v1 feasibility evidence.
P159,source_repository_or_code_tampering,source_or_repository_modification,access_abuse_or_system_disruption,stage_7_physical_verification_and_signoff,integrity,Low,Low,Medium,observed_in_v1,Low,none_in_v1,none_in_v1,E10; E49; E50,Low because the path is model-possible but weakly supported by the current v1 feasibility evidence.
P160,source_repository_or_code_tampering,source_or_repository_modification,access_abuse_or_system_disruption,stage_7_physical_verification_and_signoff,availability,Low,Low,Medium,observed_in_v1,Low,none_in_v1,none_in_v1,E10; E49; E50,Low because the path is model-possible but weakly supported by the current v1 feasibility evidence.
P161,source_repository_or_code_tampering,source_or_repository_modification,access_abuse_or_system_disruption,stage_8_post_silicon_validation,integrity,Low,Low,Medium,not_observed_in_v1,Low,none_in_v1,none_in_v1,E10; E49; E50,Low because the path is model-possible but weakly supported by the current v1 feasibility evidence.
P162,source_repository_or_code_tampering,source_or_repository_modification,access_abuse_or_system_disruption,stage_8_post_silicon_validation,availability,Low,Low,Medium,not_observed_in_v1,Low,none_in_v1,none_in_v1,E10; E49; E50,Low because the path is model-possible but weakly supported by the current v1 feasibility evidence.
P163,source_repository_or_code_tampering,source_or_repository_modification,access_abuse_or_system_disruption,stage_9_manufacturing_testing,integrity,Low,Low,Medium,observed_in_v1,Low,none_in_v1,none_in_v1,E10; E49; E50,Low because the path is model-possible but weakly supported by the current v1 feasibility evidence.
P164,source_repository_or_code_tampering,source_or_repository_modification,access_abuse_or_system_disruption,stage_9_manufacturing_testing,availability,Low,Low,Medium,observed_in_v1,Low,none_in_v1,none_in_v1,E10; E49; E50,Low because the path is model-possible but weakly supported by the current v1 feasibility evidence.
P165,trusted_identity_or_maintainer_compromise,trusted_project_or_maintainer_access,design_tampering_or_malicious_modification,stage_0_design_specification,integrity,Medium,Medium,Medium,not_observed_in_v1,Medium,E4; E6; E23; E25; E31; E42,E4; E6; E23; E25; E31; E42,E2; E10; E19,"Medium because the path has partial or indirect evidence support, but it does not satisfy all High criteria."
P166,trusted_identity_or_maintainer_compromise,trusted_project_or_maintainer_access,design_tampering_or_malicious_modification,stage_0_design_specification,availability,Medium,Medium,Medium,not_observed_in_v1,Medium,E4; E6; E23; E25; E31; E42,E4; E6; E23; E25; E31; E42,E2; E10; E19,"Medium because the path has partial or indirect evidence support, but it does not satisfy all High criteria."
P167,trusted_identity_or_maintainer_compromise,trusted_project_or_maintainer_access,design_tampering_or_malicious_modification,stage_1_high_level_synthesis,integrity,Medium,Medium,Medium,observed_in_v1,Medium,E4; E6; E23; E25; E31; E42,E4; E6; E23; E25; E31; E42,E2; E10; E19,"Medium because the path has partial or indirect evidence support, but it does not satisfy all High criteria."
P168,trusted_identity_or_maintainer_compromise,trusted_project_or_maintainer_access,design_tampering_or_malicious_modification,stage_1_high_level_synthesis,availability,Medium,Medium,Medium,observed_in_v1,Medium,E4; E6; E23; E25; E31; E42,E4; E6; E23; E25; E31; E42,E2; E10; E19,"Medium because the path has partial or indirect evidence support, but it does not satisfy all High criteria."
P169,trusted_identity_or_maintainer_compromise,trusted_project_or_maintainer_access,design_tampering_or_malicious_modification,stage_2_logic_synthesis,integrity,Medium,Medium,Medium,observed_in_v1,Medium,E4; E6; E23; E25; E31; E42,E4; E6; E23; E25; E31; E42,E2; E10; E19,"Medium because the path has partial or indirect evidence support, but it does not satisfy all High criteria."
P170,trusted_identity_or_maintainer_compromise,trusted_project_or_maintainer_access,design_tampering_or_malicious_modification,stage_2_logic_synthesis,availability,Medium,Medium,Medium,observed_in_v1,Medium,E4; E6; E23; E25; E31; E42,E4; E6; E23; E25; E31; E42,E2; E10; E19,"Medium because the path has partial or indirect evidence support, but it does not satisfy all High criteria."
P171,trusted_identity_or_maintainer_compromise,trusted_project_or_maintainer_access,design_tampering_or_malicious_modification,stage_3_post_synthesis_verification,integrity,Medium,Medium,Medium,observed_in_v1,Medium,E4; E6; E23; E25; E31; E42,E4; E6; E23; E25; E31; E42,E2; E10; E19,"Medium because the path has partial or indirect evidence support, but it does not satisfy all High criteria."
P172,trusted_identity_or_maintainer_compromise,trusted_project_or_maintainer_access,design_tampering_or_malicious_modification,stage_3_post_synthesis_verification,availability,Medium,Medium,Medium,observed_in_v1,Medium,E4; E6; E23; E25; E31; E42,E4; E6; E23; E25; E31; E42,E2; E10; E19,"Medium because the path has partial or indirect evidence support, but it does not satisfy all High criteria."
P173,trusted_identity_or_maintainer_compromise,trusted_project_or_maintainer_access,design_tampering_or_malicious_modification,stage_4_design_for_testability,integrity,Medium,Medium,Medium,observed_in_v1,Medium,E4; E6; E23; E25; E31; E42,E4; E6; E23; E25; E31; E42,E2; E10; E19,"Medium because the path has partial or indirect evidence support, but it does not satisfy all High criteria."
P174,trusted_identity_or_maintainer_compromise,trusted_project_or_maintainer_access,design_tampering_or_malicious_modification,stage_4_design_for_testability,availability,Medium,Medium,Medium,observed_in_v1,Medium,E4; E6; E23; E25; E31; E42,E4; E6; E23; E25; E31; E42,E2; E10; E19,"Medium because the path has partial or indirect evidence support, but it does not satisfy all High criteria."
P175,trusted_identity_or_maintainer_compromise,trusted_project_or_maintainer_access,design_tampering_or_malicious_modification,stage_5_placement_and_routing,integrity,Medium,Medium,Medium,observed_in_v1,Medium,E4; E6; E23; E25; E31; E42,E4; E6; E23; E25; E31; E42,E2; E10; E19,"Medium because the path has partial or indirect evidence support, but it does not satisfy all High criteria."
P176,trusted_identity_or_maintainer_compromise,trusted_project_or_maintainer_access,design_tampering_or_malicious_modification,stage_5_placement_and_routing,availability,Medium,Medium,Medium,observed_in_v1,Medium,E4; E6; E23; E25; E31; E42,E4; E6; E23; E25; E31; E42,E2; E10; E19,"Medium because the path has partial or indirect evidence support, but it does not satisfy all High criteria."
P177,trusted_identity_or_maintainer_compromise,trusted_project_or_maintainer_access,design_tampering_or_malicious_modification,stage_6_static_timing_analysis,integrity,Medium,Medium,Medium,observed_in_v1,Medium,E4; E6; E23; E25; E31; E42,E4; E6; E23; E25; E31; E42,E2; E10; E19,"Medium because the path has partial or indirect evidence support, but it does not satisfy all High criteria."
P178,trusted_identity_or_maintainer_compromise,trusted_project_or_maintainer_access,design_tampering_or_malicious_modification,stage_6_static_timing_analysis,availability,Medium,Medium,Medium,observed_in_v1,Medium,E4; E6; E23; E25; E31; E42,E4; E6; E23; E25; E31; E42,E2; E10; E19,"Medium because the path has partial or indirect evidence support, but it does not satisfy all High criteria."
P179,trusted_identity_or_maintainer_compromise,trusted_project_or_maintainer_access,design_tampering_or_malicious_modification,stage_7_physical_verification_and_signoff,integrity,Medium,Medium,Medium,observed_in_v1,Medium,E4; E6; E23; E25; E31; E42,E4; E6; E23; E25; E31; E42,E2; E10; E19,"Medium because the path has partial or indirect evidence support, but it does not satisfy all High criteria."
P180,trusted_identity_or_maintainer_compromise,trusted_project_or_maintainer_access,design_tampering_or_malicious_modification,stage_7_physical_verification_and_signoff,availability,Medium,Medium,Medium,observed_in_v1,Medium,E4; E6; E23; E25; E31; E42,E4; E6; E23; E25; E31; E42,E2; E10; E19,"Medium because the path has partial or indirect evidence support, but it does not satisfy all High criteria."
P181,trusted_identity_or_maintainer_compromise,trusted_project_or_maintainer_access,hardware_trojan_backdoor_or_logic_bomb,stage_1_high_level_synthesis,confidentiality,Medium,Medium,Low,observed_in_v1,Medium,E4; E6; E23; E25; E31; E42,E4; E6; E23; E25; E31; E42,E2,"Medium because the path has partial or indirect evidence support, but it does not satisfy all High criteria."
P182,trusted_identity_or_maintainer_compromise,trusted_project_or_maintainer_access,hardware_trojan_backdoor_or_logic_bomb,stage_1_high_level_synthesis,integrity,Medium,Medium,Low,observed_in_v1,Medium,E4; E6; E23; E25; E31; E42,E4; E6; E23; E25; E31; E42,E2,"Medium because the path has partial or indirect evidence support, but it does not satisfy all High criteria."
P183,trusted_identity_or_maintainer_compromise,trusted_project_or_maintainer_access,hardware_trojan_backdoor_or_logic_bomb,stage_1_high_level_synthesis,availability,Medium,Medium,Low,observed_in_v1,Medium,E4; E6; E23; E25; E31; E42,E4; E6; E23; E25; E31; E42,E2,"Medium because the path has partial or indirect evidence support, but it does not satisfy all High criteria."
P184,trusted_identity_or_maintainer_compromise,trusted_project_or_maintainer_access,hardware_trojan_backdoor_or_logic_bomb,stage_2_logic_synthesis,confidentiality,Medium,Medium,Low,observed_in_v1,Medium,E4; E6; E23; E25; E31; E42,E4; E6; E23; E25; E31; E42,E2,"Medium because the path has partial or indirect evidence support, but it does not satisfy all High criteria."
P185,trusted_identity_or_maintainer_compromise,trusted_project_or_maintainer_access,hardware_trojan_backdoor_or_logic_bomb,stage_2_logic_synthesis,integrity,Medium,Medium,Low,observed_in_v1,Medium,E4; E6; E23; E25; E31; E42,E4; E6; E23; E25; E31; E42,E2,"Medium because the path has partial or indirect evidence support, but it does not satisfy all High criteria."
P186,trusted_identity_or_maintainer_compromise,trusted_project_or_maintainer_access,hardware_trojan_backdoor_or_logic_bomb,stage_2_logic_synthesis,availability,Medium,Medium,Low,observed_in_v1,Medium,E4; E6; E23; E25; E31; E42,E4; E6; E23; E25; E31; E42,E2,"Medium because the path has partial or indirect evidence support, but it does not satisfy all High criteria."
P187,trusted_identity_or_maintainer_compromise,trusted_project_or_maintainer_access,hardware_trojan_backdoor_or_logic_bomb,stage_3_post_synthesis_verification,confidentiality,Medium,Medium,Low,observed_in_v1,Medium,E4; E6; E23; E25; E31; E42,E4; E6; E23; E25; E31; E42,E2,"Medium because the path has partial or indirect evidence support, but it does not satisfy all High criteria."
P188,trusted_identity_or_maintainer_compromise,trusted_project_or_maintainer_access,hardware_trojan_backdoor_or_logic_bomb,stage_3_post_synthesis_verification,integrity,Medium,Medium,Low,observed_in_v1,Medium,E4; E6; E23; E25; E31; E42,E4; E6; E23; E25; E31; E42,E2,"Medium because the path has partial or indirect evidence support, but it does not satisfy all High criteria."
P189,trusted_identity_or_maintainer_compromise,trusted_project_or_maintainer_access,hardware_trojan_backdoor_or_logic_bomb,stage_3_post_synthesis_verification,availability,Medium,Medium,Low,observed_in_v1,Medium,E4; E6; E23; E25; E31; E42,E4; E6; E23; E25; E31; E42,E2,"Medium because the path has partial or indirect evidence support, but it does not satisfy all High criteria."
P190,trusted_identity_or_maintainer_compromise,trusted_project_or_maintainer_access,hardware_trojan_backdoor_or_logic_bomb,stage_4_design_for_testability,confidentiality,Medium,Medium,Low,observed_in_v1,Medium,E4; E6; E23; E25; E31; E42,E4; E6; E23; E25; E31; E42,E2,"Medium because the path has partial or indirect evidence support, but it does not satisfy all High criteria."
P191,trusted_identity_or_maintainer_compromise,trusted_project_or_maintainer_access,hardware_trojan_backdoor_or_logic_bomb,stage_4_design_for_testability,integrity,Medium,Medium,Low,observed_in_v1,Medium,E4; E6; E23; E25; E31; E42,E4; E6; E23; E25; E31; E42,E2,"Medium because the path has partial or indirect evidence support, but it does not satisfy all High criteria."
P192,trusted_identity_or_maintainer_compromise,trusted_project_or_maintainer_access,hardware_trojan_backdoor_or_logic_bomb,stage_4_design_for_testability,availability,Medium,Medium,Low,observed_in_v1,Medium,E4; E6; E23; E25; E31; E42,E4; E6; E23; E25; E31; E42,E2,"Medium because the path has partial or indirect evidence support, but it does not satisfy all High criteria."
P193,trusted_identity_or_maintainer_compromise,trusted_project_or_maintainer_access,hardware_trojan_backdoor_or_logic_bomb,stage_5_placement_and_routing,confidentiality,Medium,Medium,Low,observed_in_v1,Medium,E4; E6; E23; E25; E31; E42,E4; E6; E23; E25; E31; E42,E2,"Medium because the path has partial or indirect evidence support, but it does not satisfy all High criteria."
P194,trusted_identity_or_maintainer_compromise,trusted_project_or_maintainer_access,hardware_trojan_backdoor_or_logic_bomb,stage_5_placement_and_routing,integrity,Medium,Medium,Low,observed_in_v1,Medium,E4; E6; E23; E25; E31; E42,E4; E6; E23; E25; E31; E42,E2,"Medium because the path has partial or indirect evidence support, but it does not satisfy all High criteria."
P195,trusted_identity_or_maintainer_compromise,trusted_project_or_maintainer_access,hardware_trojan_backdoor_or_logic_bomb,stage_5_placement_and_routing,availability,Medium,Medium,Low,observed_in_v1,Medium,E4; E6; E23; E25; E31; E42,E4; E6; E23; E25; E31; E42,E2,"Medium because the path has partial or indirect evidence support, but it does not satisfy all High criteria."
P196,trusted_identity_or_maintainer_compromise,trusted_project_or_maintainer_access,hardware_trojan_backdoor_or_logic_bomb,stage_6_static_timing_analysis,confidentiality,Medium,Medium,Low,observed_in_v1,Medium,E4; E6; E23; E25; E31; E42,E4; E6; E23; E25; E31; E42,E2,"Medium because the path has partial or indirect evidence support, but it does not satisfy all High criteria."
P197,trusted_identity_or_maintainer_compromise,trusted_project_or_maintainer_access,hardware_trojan_backdoor_or_logic_bomb,stage_6_static_timing_analysis,integrity,Medium,Medium,Low,observed_in_v1,Medium,E4; E6; E23; E25; E31; E42,E4; E6; E23; E25; E31; E42,E2,"Medium because the path has partial or indirect evidence support, but it does not satisfy all High criteria."
P198,trusted_identity_or_maintainer_compromise,trusted_project_or_maintainer_access,hardware_trojan_backdoor_or_logic_bomb,stage_6_static_timing_analysis,availability,Medium,Medium,Low,observed_in_v1,Medium,E4; E6; E23; E25; E31; E42,E4; E6; E23; E25; E31; E42,E2,"Medium because the path has partial or indirect evidence support, but it does not satisfy all High criteria."
P199,trusted_identity_or_maintainer_compromise,trusted_project_or_maintainer_access,hardware_trojan_backdoor_or_logic_bomb,stage_7_physical_verification_and_signoff,confidentiality,Medium,Medium,Low,observed_in_v1,Medium,E4; E6; E23; E25; E31; E42,E4; E6; E23; E25; E31; E42,E2,"Medium because the path has partial or indirect evidence support, but it does not satisfy all High criteria."
P200,trusted_identity_or_maintainer_compromise,trusted_project_or_maintainer_access,hardware_trojan_backdoor_or_logic_bomb,stage_7_physical_verification_and_signoff,integrity,Medium,Medium,Low,observed_in_v1,Medium,E4; E6; E23; E25; E31; E42,E4; E6; E23; E25; E31; E42,E2,"Medium because the path has partial or indirect evidence support, but it does not satisfy all High criteria."
P201,trusted_identity_or_maintainer_compromise,trusted_project_or_maintainer_access,hardware_trojan_backdoor_or_logic_bomb,stage_7_physical_verification_and_signoff,availability,Medium,Medium,Low,observed_in_v1,Medium,E4; E6; E23; E25; E31; E42,E4; E6; E23; E25; E31; E42,E2,"Medium because the path has partial or indirect evidence support, but it does not satisfy all High criteria."
P202,trusted_identity_or_maintainer_compromise,trusted_project_or_maintainer_access,hardware_trojan_backdoor_or_logic_bomb,stage_8_post_silicon_validation,confidentiality,Medium,Medium,Low,not_observed_in_v1,Medium,E4; E6; E23; E25; E31; E42,E4; E6; E23; E25; E31; E42,E2,"Medium because the path has partial or indirect evidence support, but it does not satisfy all High criteria."
P203,trusted_identity_or_maintainer_compromise,trusted_project_or_maintainer_access,hardware_trojan_backdoor_or_logic_bomb,stage_8_post_silicon_validation,integrity,Medium,Medium,Low,not_observed_in_v1,Medium,E4; E6; E23; E25; E31; E42,E4; E6; E23; E25; E31; E42,E2,"Medium because the path has partial or indirect evidence support, but it does not satisfy all High criteria."
P204,trusted_identity_or_maintainer_compromise,trusted_project_or_maintainer_access,hardware_trojan_backdoor_or_logic_bomb,stage_8_post_silicon_validation,availability,Medium,Medium,Low,not_observed_in_v1,Medium,E4; E6; E23; E25; E31; E42,E4; E6; E23; E25; E31; E42,E2,"Medium because the path has partial or indirect evidence support, but it does not satisfy all High criteria."
P205,trusted_identity_or_maintainer_compromise,trusted_project_or_maintainer_access,hardware_trojan_backdoor_or_logic_bomb,stage_9_manufacturing_testing,confidentiality,Medium,Medium,Low,observed_in_v1,Medium,E4; E6; E23; E25; E31; E42,E4; E6; E23; E25; E31; E42,E2,"Medium because the path has partial or indirect evidence support, but it does not satisfy all High criteria."
P206,trusted_identity_or_maintainer_compromise,trusted_project_or_maintainer_access,hardware_trojan_backdoor_or_logic_bomb,stage_9_manufacturing_testing,integrity,Medium,Medium,Low,observed_in_v1,Medium,E4; E6; E23; E25; E31; E42,E4; E6; E23; E25; E31; E42,E2,"Medium because the path has partial or indirect evidence support, but it does not satisfy all High criteria."
P207,trusted_identity_or_maintainer_compromise,trusted_project_or_maintainer_access,hardware_trojan_backdoor_or_logic_bomb,stage_9_manufacturing_testing,availability,Medium,Medium,Low,observed_in_v1,Medium,E4; E6; E23; E25; E31; E42,E4; E6; E23; E25; E31; E42,E2,"Medium because the path has partial or indirect evidence support, but it does not satisfy all High criteria."
P208,trusted_identity_or_maintainer_compromise,trusted_project_or_maintainer_access,information_leakage_or_asset_exposure,stage_0_design_specification,confidentiality,Medium,Medium,Low,not_observed_in_v1,Medium,E4; E6; E23; E25; E31; E42,E4; E6; E23; E25; E31; E42,none_in_v1,"Medium because the path has partial or indirect evidence support, but it does not satisfy all High criteria."
P209,trusted_identity_or_maintainer_compromise,trusted_project_or_maintainer_access,information_leakage_or_asset_exposure,stage_1_high_level_synthesis,confidentiality,Medium,Medium,Low,observed_in_v1,Medium,E4; E6; E23; E25; E31; E42,E4; E6; E23; E25; E31; E42,none_in_v1,"Medium because the path has partial or indirect evidence support, but it does not satisfy all High criteria."
P210,trusted_identity_or_maintainer_compromise,trusted_project_or_maintainer_access,information_leakage_or_asset_exposure,stage_2_logic_synthesis,confidentiality,Medium,Medium,Low,observed_in_v1,Medium,E4; E6; E23; E25; E31; E42,E4; E6; E23; E25; E31; E42,none_in_v1,"Medium because the path has partial or indirect evidence support, but it does not satisfy all High criteria."
P211,trusted_identity_or_maintainer_compromise,trusted_project_or_maintainer_access,information_leakage_or_asset_exposure,stage_3_post_synthesis_verification,confidentiality,Medium,Medium,Low,observed_in_v1,Medium,E4; E6; E23; E25; E31; E42,E4; E6; E23; E25; E31; E42,none_in_v1,"Medium because the path has partial or indirect evidence support, but it does not satisfy all High criteria."
P212,trusted_identity_or_maintainer_compromise,trusted_project_or_maintainer_access,information_leakage_or_asset_exposure,stage_4_design_for_testability,confidentiality,Medium,Medium,Low,observed_in_v1,Medium,E4; E6; E23; E25; E31; E42,E4; E6; E23; E25; E31; E42,none_in_v1,"Medium because the path has partial or indirect evidence support, but it does not satisfy all High criteria."
P213,trusted_identity_or_maintainer_compromise,trusted_project_or_maintainer_access,information_leakage_or_asset_exposure,stage_5_placement_and_routing,confidentiality,Medium,Medium,Low,observed_in_v1,Medium,E4; E6; E23; E25; E31; E42,E4; E6; E23; E25; E31; E42,none_in_v1,"Medium because the path has partial or indirect evidence support, but it does not satisfy all High criteria."
P214,trusted_identity_or_maintainer_compromise,trusted_project_or_maintainer_access,information_leakage_or_asset_exposure,stage_6_static_timing_analysis,confidentiality,Medium,Medium,Low,observed_in_v1,Medium,E4; E6; E23; E25; E31; E42,E4; E6; E23; E25; E31; E42,none_in_v1,"Medium because the path has partial or indirect evidence support, but it does not satisfy all High criteria."
P215,trusted_identity_or_maintainer_compromise,trusted_project_or_maintainer_access,information_leakage_or_asset_exposure,stage_7_physical_verification_and_signoff,confidentiality,Medium,Medium,Low,observed_in_v1,Medium,E4; E6; E23; E25; E31; E42,E4; E6; E23; E25; E31; E42,none_in_v1,"Medium because the path has partial or indirect evidence support, but it does not satisfy all High criteria."
P216,trusted_identity_or_maintainer_compromise,trusted_project_or_maintainer_access,information_leakage_or_asset_exposure,stage_8_post_silicon_validation,confidentiality,Medium,Medium,Low,not_observed_in_v1,Medium,E4; E6; E23; E25; E31; E42,E4; E6; E23; E25; E31; E42,none_in_v1,"Medium because the path has partial or indirect evidence support, but it does not satisfy all High criteria."
P217,trusted_identity_or_maintainer_compromise,trusted_project_or_maintainer_access,information_leakage_or_asset_exposure,stage_9_manufacturing_testing,confidentiality,Medium,Medium,Low,observed_in_v1,Medium,E4; E6; E23; E25; E31; E42,E4; E6; E23; E25; E31; E42,none_in_v1,"Medium because the path has partial or indirect evidence support, but it does not satisfy all High criteria."
P218,trusted_identity_or_maintainer_compromise,trusted_project_or_maintainer_access,access_abuse_or_system_disruption,stage_0_design_specification,integrity,Medium,Medium,Medium,not_observed_in_v1,Medium,E4; E6; E23; E25; E31; E42,E4; E6; E23; E25; E31; E42,E10; E49; E50,"Medium because the path has partial or indirect evidence support, but it does not satisfy all High criteria."
P219,trusted_identity_or_maintainer_compromise,trusted_project_or_maintainer_access,access_abuse_or_system_disruption,stage_0_design_specification,availability,Medium,Medium,Medium,not_observed_in_v1,Medium,E4; E6; E23; E25; E31; E42,E4; E6; E23; E25; E31; E42,E10; E49; E50,"Medium because the path has partial or indirect evidence support, but it does not satisfy all High criteria."
P220,trusted_identity_or_maintainer_compromise,trusted_project_or_maintainer_access,access_abuse_or_system_disruption,stage_1_high_level_synthesis,integrity,Medium,Medium,Medium,observed_in_v1,Medium,E4; E6; E23; E25; E31; E42,E4; E6; E23; E25; E31; E42,E10; E49; E50,"Medium because the path has partial or indirect evidence support, but it does not satisfy all High criteria."
P221,trusted_identity_or_maintainer_compromise,trusted_project_or_maintainer_access,access_abuse_or_system_disruption,stage_1_high_level_synthesis,availability,Medium,Medium,Medium,observed_in_v1,Medium,E4; E6; E23; E25; E31; E42,E4; E6; E23; E25; E31; E42,E10; E49; E50,"Medium because the path has partial or indirect evidence support, but it does not satisfy all High criteria."
P222,trusted_identity_or_maintainer_compromise,trusted_project_or_maintainer_access,access_abuse_or_system_disruption,stage_2_logic_synthesis,integrity,Medium,Medium,Medium,observed_in_v1,Medium,E4; E6; E23; E25; E31; E42,E4; E6; E23; E25; E31; E42,E10; E49; E50,"Medium because the path has partial or indirect evidence support, but it does not satisfy all High criteria."
P223,trusted_identity_or_maintainer_compromise,trusted_project_or_maintainer_access,access_abuse_or_system_disruption,stage_2_logic_synthesis,availability,Medium,Medium,Medium,observed_in_v1,Medium,E4; E6; E23; E25; E31; E42,E4; E6; E23; E25; E31; E42,E10; E49; E50,"Medium because the path has partial or indirect evidence support, but it does not satisfy all High criteria."
P224,trusted_identity_or_maintainer_compromise,trusted_project_or_maintainer_access,access_abuse_or_system_disruption,stage_3_post_synthesis_verification,integrity,Medium,Medium,Medium,observed_in_v1,Medium,E4; E6; E23; E25; E31; E42,E4; E6; E23; E25; E31; E42,E10; E49; E50,"Medium because the path has partial or indirect evidence support, but it does not satisfy all High criteria."
P225,trusted_identity_or_maintainer_compromise,trusted_project_or_maintainer_access,access_abuse_or_system_disruption,stage_3_post_synthesis_verification,availability,Medium,Medium,Medium,observed_in_v1,Medium,E4; E6; E23; E25; E31; E42,E4; E6; E23; E25; E31; E42,E10; E49; E50,"Medium because the path has partial or indirect evidence support, but it does not satisfy all High criteria."
P226,trusted_identity_or_maintainer_compromise,trusted_project_or_maintainer_access,access_abuse_or_system_disruption,stage_4_design_for_testability,integrity,Medium,Medium,Medium,observed_in_v1,Medium,E4; E6; E23; E25; E31; E42,E4; E6; E23; E25; E31; E42,E10; E49; E50,"Medium because the path has partial or indirect evidence support, but it does not satisfy all High criteria."
P227,trusted_identity_or_maintainer_compromise,trusted_project_or_maintainer_access,access_abuse_or_system_disruption,stage_4_design_for_testability,availability,Medium,Medium,Medium,observed_in_v1,Medium,E4; E6; E23; E25; E31; E42,E4; E6; E23; E25; E31; E42,E10; E49; E50,"Medium because the path has partial or indirect evidence support, but it does not satisfy all High criteria."
P228,trusted_identity_or_maintainer_compromise,trusted_project_or_maintainer_access,access_abuse_or_system_disruption,stage_5_placement_and_routing,integrity,Medium,Medium,Medium,observed_in_v1,Medium,E4; E6; E23; E25; E31; E42,E4; E6; E23; E25; E31; E42,E10; E49; E50,"Medium because the path has partial or indirect evidence support, but it does not satisfy all High criteria."
P229,trusted_identity_or_maintainer_compromise,trusted_project_or_maintainer_access,access_abuse_or_system_disruption,stage_5_placement_and_routing,availability,Medium,Medium,Medium,observed_in_v1,Medium,E4; E6; E23; E25; E31; E42,E4; E6; E23; E25; E31; E42,E10; E49; E50,"Medium because the path has partial or indirect evidence support, but it does not satisfy all High criteria."
P230,trusted_identity_or_maintainer_compromise,trusted_project_or_maintainer_access,access_abuse_or_system_disruption,stage_6_static_timing_analysis,integrity,Medium,Medium,Medium,observed_in_v1,Medium,E4; E6; E23; E25; E31; E42,E4; E6; E23; E25; E31; E42,E10; E49; E50,"Medium because the path has partial or indirect evidence support, but it does not satisfy all High criteria."
P231,trusted_identity_or_maintainer_compromise,trusted_project_or_maintainer_access,access_abuse_or_system_disruption,stage_6_static_timing_analysis,availability,Medium,Medium,Medium,observed_in_v1,Medium,E4; E6; E23; E25; E31; E42,E4; E6; E23; E25; E31; E42,E10; E49; E50,"Medium because the path has partial or indirect evidence support, but it does not satisfy all High criteria."
P232,trusted_identity_or_maintainer_compromise,trusted_project_or_maintainer_access,access_abuse_or_system_disruption,stage_7_physical_verification_and_signoff,integrity,Medium,Medium,Medium,observed_in_v1,Medium,E4; E6; E23; E25; E31; E42,E4; E6; E23; E25; E31; E42,E10; E49; E50,"Medium because the path has partial or indirect evidence support, but it does not satisfy all High criteria."
P233,trusted_identity_or_maintainer_compromise,trusted_project_or_maintainer_access,access_abuse_or_system_disruption,stage_7_physical_verification_and_signoff,availability,Medium,Medium,Medium,observed_in_v1,Medium,E4; E6; E23; E25; E31; E42,E4; E6; E23; E25; E31; E42,E10; E49; E50,"Medium because the path has partial or indirect evidence support, but it does not satisfy all High criteria."
P234,trusted_identity_or_maintainer_compromise,trusted_project_or_maintainer_access,access_abuse_or_system_disruption,stage_8_post_silicon_validation,integrity,Medium,Medium,Medium,not_observed_in_v1,Medium,E4; E6; E23; E25; E31; E42,E4; E6; E23; E25; E31; E42,E10; E49; E50,"Medium because the path has partial or indirect evidence support, but it does not satisfy all High criteria."
P235,trusted_identity_or_maintainer_compromise,trusted_project_or_maintainer_access,access_abuse_or_system_disruption,stage_8_post_silicon_validation,availability,Medium,Medium,Medium,not_observed_in_v1,Medium,E4; E6; E23; E25; E31; E42,E4; E6; E23; E25; E31; E42,E10; E49; E50,"Medium because the path has partial or indirect evidence support, but it does not satisfy all High criteria."
P236,trusted_identity_or_maintainer_compromise,trusted_project_or_maintainer_access,access_abuse_or_system_disruption,stage_9_manufacturing_testing,integrity,Medium,Medium,Medium,observed_in_v1,Medium,E4; E6; E23; E25; E31; E42,E4; E6; E23; E25; E31; E42,E10; E49; E50,"Medium because the path has partial or indirect evidence support, but it does not satisfy all High criteria."
P237,trusted_identity_or_maintainer_compromise,trusted_project_or_maintainer_access,access_abuse_or_system_disruption,stage_9_manufacturing_testing,availability,Medium,Medium,Medium,observed_in_v1,Medium,E4; E6; E23; E25; E31; E42,E4; E6; E23; E25; E31; E42,E10; E49; E50,"Medium because the path has partial or indirect evidence support, but it does not satisfy all High criteria."
P238,trusted_identity_or_maintainer_compromise,developer_or_maintainer_environment_control,ip_theft_misuse_or_counterfeiting,stage_0_design_specification,confidentiality,Medium,Low,Low,not_observed_in_v1,Low,E4; E6; E23; E25; E31; E42,none_in_v1,none_in_v1,Low because the path is model-possible but weakly supported by the current v1 feasibility evidence.
P239,trusted_identity_or_maintainer_compromise,developer_or_maintainer_environment_control,ip_theft_misuse_or_counterfeiting,stage_0_design_specification,integrity,Medium,Low,Low,not_observed_in_v1,Low,E4; E6; E23; E25; E31; E42,none_in_v1,none_in_v1,Low because the path is model-possible but weakly supported by the current v1 feasibility evidence.
P240,trusted_identity_or_maintainer_compromise,developer_or_maintainer_environment_control,ip_theft_misuse_or_counterfeiting,stage_1_high_level_synthesis,confidentiality,Medium,Low,Low,observed_in_v1,Low,E4; E6; E23; E25; E31; E42,none_in_v1,none_in_v1,Low because the path is model-possible but weakly supported by the current v1 feasibility evidence.
P241,trusted_identity_or_maintainer_compromise,developer_or_maintainer_environment_control,ip_theft_misuse_or_counterfeiting,stage_1_high_level_synthesis,integrity,Medium,Low,Low,observed_in_v1,Low,E4; E6; E23; E25; E31; E42,none_in_v1,none_in_v1,Low because the path is model-possible but weakly supported by the current v1 feasibility evidence.
P242,trusted_identity_or_maintainer_compromise,developer_or_maintainer_environment_control,ip_theft_misuse_or_counterfeiting,stage_2_logic_synthesis,confidentiality,Medium,Low,Low,observed_in_v1,Low,E4; E6; E23; E25; E31; E42,none_in_v1,none_in_v1,Low because the path is model-possible but weakly supported by the current v1 feasibility evidence.
P243,trusted_identity_or_maintainer_compromise,developer_or_maintainer_environment_control,ip_theft_misuse_or_counterfeiting,stage_2_logic_synthesis,integrity,Medium,Low,Low,observed_in_v1,Low,E4; E6; E23; E25; E31; E42,none_in_v1,none_in_v1,Low because the path is model-possible but weakly supported by the current v1 feasibility evidence.
P244,trusted_identity_or_maintainer_compromise,developer_or_maintainer_environment_control,ip_theft_misuse_or_counterfeiting,stage_3_post_synthesis_verification,confidentiality,Medium,Low,Low,observed_in_v1,Low,E4; E6; E23; E25; E31; E42,none_in_v1,none_in_v1,Low because the path is model-possible but weakly supported by the current v1 feasibility evidence.
P245,trusted_identity_or_maintainer_compromise,developer_or_maintainer_environment_control,ip_theft_misuse_or_counterfeiting,stage_3_post_synthesis_verification,integrity,Medium,Low,Low,observed_in_v1,Low,E4; E6; E23; E25; E31; E42,none_in_v1,none_in_v1,Low because the path is model-possible but weakly supported by the current v1 feasibility evidence.
P246,trusted_identity_or_maintainer_compromise,developer_or_maintainer_environment_control,ip_theft_misuse_or_counterfeiting,stage_4_design_for_testability,confidentiality,Medium,Low,Low,observed_in_v1,Low,E4; E6; E23; E25; E31; E42,none_in_v1,none_in_v1,Low because the path is model-possible but weakly supported by the current v1 feasibility evidence.
P247,trusted_identity_or_maintainer_compromise,developer_or_maintainer_environment_control,ip_theft_misuse_or_counterfeiting,stage_4_design_for_testability,integrity,Medium,Low,Low,observed_in_v1,Low,E4; E6; E23; E25; E31; E42,none_in_v1,none_in_v1,Low because the path is model-possible but weakly supported by the current v1 feasibility evidence.
P248,trusted_identity_or_maintainer_compromise,developer_or_maintainer_environment_control,ip_theft_misuse_or_counterfeiting,stage_5_placement_and_routing,confidentiality,Medium,Low,Low,observed_in_v1,Low,E4; E6; E23; E25; E31; E42,none_in_v1,none_in_v1,Low because the path is model-possible but weakly supported by the current v1 feasibility evidence.
P249,trusted_identity_or_maintainer_compromise,developer_or_maintainer_environment_control,ip_theft_misuse_or_counterfeiting,stage_5_placement_and_routing,integrity,Medium,Low,Low,observed_in_v1,Low,E4; E6; E23; E25; E31; E42,none_in_v1,none_in_v1,Low because the path is model-possible but weakly supported by the current v1 feasibility evidence.
P250,trusted_identity_or_maintainer_compromise,developer_or_maintainer_environment_control,ip_theft_misuse_or_counterfeiting,stage_6_static_timing_analysis,confidentiality,Medium,Low,Low,observed_in_v1,Low,E4; E6; E23; E25; E31; E42,none_in_v1,none_in_v1,Low because the path is model-possible but weakly supported by the current v1 feasibility evidence.
P251,trusted_identity_or_maintainer_compromise,developer_or_maintainer_environment_control,ip_theft_misuse_or_counterfeiting,stage_6_static_timing_analysis,integrity,Medium,Low,Low,observed_in_v1,Low,E4; E6; E23; E25; E31; E42,none_in_v1,none_in_v1,Low because the path is model-possible but weakly supported by the current v1 feasibility evidence.
P252,trusted_identity_or_maintainer_compromise,developer_or_maintainer_environment_control,ip_theft_misuse_or_counterfeiting,stage_7_physical_verification_and_signoff,confidentiality,Medium,Low,Low,observed_in_v1,Low,E4; E6; E23; E25; E31; E42,none_in_v1,none_in_v1,Low because the path is model-possible but weakly supported by the current v1 feasibility evidence.
P253,trusted_identity_or_maintainer_compromise,developer_or_maintainer_environment_control,ip_theft_misuse_or_counterfeiting,stage_7_physical_verification_and_signoff,integrity,Medium,Low,Low,observed_in_v1,Low,E4; E6; E23; E25; E31; E42,none_in_v1,none_in_v1,Low because the path is model-possible but weakly supported by the current v1 feasibility evidence.
P254,trusted_identity_or_maintainer_compromise,developer_or_maintainer_environment_control,ip_theft_misuse_or_counterfeiting,stage_8_post_silicon_validation,confidentiality,Medium,Low,Low,not_observed_in_v1,Low,E4; E6; E23; E25; E31; E42,none_in_v1,none_in_v1,Low because the path is model-possible but weakly supported by the current v1 feasibility evidence.
P255,trusted_identity_or_maintainer_compromise,developer_or_maintainer_environment_control,ip_theft_misuse_or_counterfeiting,stage_8_post_silicon_validation,integrity,Medium,Low,Low,not_observed_in_v1,Low,E4; E6; E23; E25; E31; E42,none_in_v1,none_in_v1,Low because the path is model-possible but weakly supported by the current v1 feasibility evidence.
P256,trusted_identity_or_maintainer_compromise,developer_or_maintainer_environment_control,ip_theft_misuse_or_counterfeiting,stage_9_manufacturing_testing,confidentiality,Medium,Low,Low,observed_in_v1,Low,E4; E6; E23; E25; E31; E42,none_in_v1,none_in_v1,Low because the path is model-possible but weakly supported by the current v1 feasibility evidence.
P257,trusted_identity_or_maintainer_compromise,developer_or_maintainer_environment_control,ip_theft_misuse_or_counterfeiting,stage_9_manufacturing_testing,integrity,Medium,Low,Low,observed_in_v1,Low,E4; E6; E23; E25; E31; E42,none_in_v1,none_in_v1,Low because the path is model-possible but weakly supported by the current v1 feasibility evidence.
P258,trusted_identity_or_maintainer_compromise,developer_or_maintainer_environment_control,design_tampering_or_malicious_modification,stage_0_design_specification,integrity,Medium,Low,Medium,not_observed_in_v1,Low,E4; E6; E23; E25; E31; E42,none_in_v1,E2; E10; E19,Low because the path is model-possible but weakly supported by the current v1 feasibility evidence.
P259,trusted_identity_or_maintainer_compromise,developer_or_maintainer_environment_control,design_tampering_or_malicious_modification,stage_0_design_specification,availability,Medium,Low,Medium,not_observed_in_v1,Low,E4; E6; E23; E25; E31; E42,none_in_v1,E2; E10; E19,Low because the path is model-possible but weakly supported by the current v1 feasibility evidence.
P260,trusted_identity_or_maintainer_compromise,developer_or_maintainer_environment_control,design_tampering_or_malicious_modification,stage_1_high_level_synthesis,integrity,Medium,Low,Medium,observed_in_v1,Medium,E4; E6; E23; E25; E31; E42,none_in_v1,E2; E10; E19,"Medium because the path has partial or indirect evidence support, but it does not satisfy all High criteria."
P261,trusted_identity_or_maintainer_compromise,developer_or_maintainer_environment_control,design_tampering_or_malicious_modification,stage_1_high_level_synthesis,availability,Medium,Low,Medium,observed_in_v1,Medium,E4; E6; E23; E25; E31; E42,none_in_v1,E2; E10; E19,"Medium because the path has partial or indirect evidence support, but it does not satisfy all High criteria."
P262,trusted_identity_or_maintainer_compromise,developer_or_maintainer_environment_control,design_tampering_or_malicious_modification,stage_2_logic_synthesis,integrity,Medium,Low,Medium,observed_in_v1,Medium,E4; E6; E23; E25; E31; E42,none_in_v1,E2; E10; E19,"Medium because the path has partial or indirect evidence support, but it does not satisfy all High criteria."
P263,trusted_identity_or_maintainer_compromise,developer_or_maintainer_environment_control,design_tampering_or_malicious_modification,stage_2_logic_synthesis,availability,Medium,Low,Medium,observed_in_v1,Medium,E4; E6; E23; E25; E31; E42,none_in_v1,E2; E10; E19,"Medium because the path has partial or indirect evidence support, but it does not satisfy all High criteria."
P264,trusted_identity_or_maintainer_compromise,developer_or_maintainer_environment_control,design_tampering_or_malicious_modification,stage_3_post_synthesis_verification,integrity,Medium,Low,Medium,observed_in_v1,Medium,E4; E6; E23; E25; E31; E42,none_in_v1,E2; E10; E19,"Medium because the path has partial or indirect evidence support, but it does not satisfy all High criteria."
P265,trusted_identity_or_maintainer_compromise,developer_or_maintainer_environment_control,design_tampering_or_malicious_modification,stage_3_post_synthesis_verification,availability,Medium,Low,Medium,observed_in_v1,Medium,E4; E6; E23; E25; E31; E42,none_in_v1,E2; E10; E19,"Medium because the path has partial or indirect evidence support, but it does not satisfy all High criteria."
P266,trusted_identity_or_maintainer_compromise,developer_or_maintainer_environment_control,design_tampering_or_malicious_modification,stage_4_design_for_testability,integrity,Medium,Low,Medium,observed_in_v1,Medium,E4; E6; E23; E25; E31; E42,none_in_v1,E2; E10; E19,"Medium because the path has partial or indirect evidence support, but it does not satisfy all High criteria."
P267,trusted_identity_or_maintainer_compromise,developer_or_maintainer_environment_control,design_tampering_or_malicious_modification,stage_4_design_for_testability,availability,Medium,Low,Medium,observed_in_v1,Medium,E4; E6; E23; E25; E31; E42,none_in_v1,E2; E10; E19,"Medium because the path has partial or indirect evidence support, but it does not satisfy all High criteria."
P268,trusted_identity_or_maintainer_compromise,developer_or_maintainer_environment_control,design_tampering_or_malicious_modification,stage_5_placement_and_routing,integrity,Medium,Low,Medium,observed_in_v1,Medium,E4; E6; E23; E25; E31; E42,none_in_v1,E2; E10; E19,"Medium because the path has partial or indirect evidence support, but it does not satisfy all High criteria."
P269,trusted_identity_or_maintainer_compromise,developer_or_maintainer_environment_control,design_tampering_or_malicious_modification,stage_5_placement_and_routing,availability,Medium,Low,Medium,observed_in_v1,Medium,E4; E6; E23; E25; E31; E42,none_in_v1,E2; E10; E19,"Medium because the path has partial or indirect evidence support, but it does not satisfy all High criteria."
P270,trusted_identity_or_maintainer_compromise,developer_or_maintainer_environment_control,design_tampering_or_malicious_modification,stage_6_static_timing_analysis,integrity,Medium,Low,Medium,observed_in_v1,Medium,E4; E6; E23; E25; E31; E42,none_in_v1,E2; E10; E19,"Medium because the path has partial or indirect evidence support, but it does not satisfy all High criteria."
P271,trusted_identity_or_maintainer_compromise,developer_or_maintainer_environment_control,design_tampering_or_malicious_modification,stage_6_static_timing_analysis,availability,Medium,Low,Medium,observed_in_v1,Medium,E4; E6; E23; E25; E31; E42,none_in_v1,E2; E10; E19,"Medium because the path has partial or indirect evidence support, but it does not satisfy all High criteria."
P272,trusted_identity_or_maintainer_compromise,developer_or_maintainer_environment_control,design_tampering_or_malicious_modification,stage_7_physical_verification_and_signoff,integrity,Medium,Low,Medium,observed_in_v1,Medium,E4; E6; E23; E25; E31; E42,none_in_v1,E2; E10; E19,"Medium because the path has partial or indirect evidence support, but it does not satisfy all High criteria."
P273,trusted_identity_or_maintainer_compromise,developer_or_maintainer_environment_control,design_tampering_or_malicious_modification,stage_7_physical_verification_and_signoff,availability,Medium,Low,Medium,observed_in_v1,Medium,E4; E6; E23; E25; E31; E42,none_in_v1,E2; E10; E19,"Medium because the path has partial or indirect evidence support, but it does not satisfy all High criteria."
P274,trusted_identity_or_maintainer_compromise,developer_or_maintainer_environment_control,hardware_trojan_backdoor_or_logic_bomb,stage_1_high_level_synthesis,confidentiality,Medium,Low,Low,observed_in_v1,Low,E4; E6; E23; E25; E31; E42,none_in_v1,E2,Low because the path is model-possible but weakly supported by the current v1 feasibility evidence.
P275,trusted_identity_or_maintainer_compromise,developer_or_maintainer_environment_control,hardware_trojan_backdoor_or_logic_bomb,stage_1_high_level_synthesis,integrity,Medium,Low,Low,observed_in_v1,Low,E4; E6; E23; E25; E31; E42,none_in_v1,E2,Low because the path is model-possible but weakly supported by the current v1 feasibility evidence.
P276,trusted_identity_or_maintainer_compromise,developer_or_maintainer_environment_control,hardware_trojan_backdoor_or_logic_bomb,stage_1_high_level_synthesis,availability,Medium,Low,Low,observed_in_v1,Low,E4; E6; E23; E25; E31; E42,none_in_v1,E2,Low because the path is model-possible but weakly supported by the current v1 feasibility evidence.
P277,trusted_identity_or_maintainer_compromise,developer_or_maintainer_environment_control,hardware_trojan_backdoor_or_logic_bomb,stage_2_logic_synthesis,confidentiality,Medium,Low,Low,observed_in_v1,Low,E4; E6; E23; E25; E31; E42,none_in_v1,E2,Low because the path is model-possible but weakly supported by the current v1 feasibility evidence.
P278,trusted_identity_or_maintainer_compromise,developer_or_maintainer_environment_control,hardware_trojan_backdoor_or_logic_bomb,stage_2_logic_synthesis,integrity,Medium,Low,Low,observed_in_v1,Low,E4; E6; E23; E25; E31; E42,none_in_v1,E2,Low because the path is model-possible but weakly supported by the current v1 feasibility evidence.
P279,trusted_identity_or_maintainer_compromise,developer_or_maintainer_environment_control,hardware_trojan_backdoor_or_logic_bomb,stage_2_logic_synthesis,availability,Medium,Low,Low,observed_in_v1,Low,E4; E6; E23; E25; E31; E42,none_in_v1,E2,Low because the path is model-possible but weakly supported by the current v1 feasibility evidence.
P280,trusted_identity_or_maintainer_compromise,developer_or_maintainer_environment_control,hardware_trojan_backdoor_or_logic_bomb,stage_3_post_synthesis_verification,confidentiality,Medium,Low,Low,observed_in_v1,Low,E4; E6; E23; E25; E31; E42,none_in_v1,E2,Low because the path is model-possible but weakly supported by the current v1 feasibility evidence.
P281,trusted_identity_or_maintainer_compromise,developer_or_maintainer_environment_control,hardware_trojan_backdoor_or_logic_bomb,stage_3_post_synthesis_verification,integrity,Medium,Low,Low,observed_in_v1,Low,E4; E6; E23; E25; E31; E42,none_in_v1,E2,Low because the path is model-possible but weakly supported by the current v1 feasibility evidence.
P282,trusted_identity_or_maintainer_compromise,developer_or_maintainer_environment_control,hardware_trojan_backdoor_or_logic_bomb,stage_3_post_synthesis_verification,availability,Medium,Low,Low,observed_in_v1,Low,E4; E6; E23; E25; E31; E42,none_in_v1,E2,Low because the path is model-possible but weakly supported by the current v1 feasibility evidence.
P283,trusted_identity_or_maintainer_compromise,developer_or_maintainer_environment_control,hardware_trojan_backdoor_or_logic_bomb,stage_4_design_for_testability,confidentiality,Medium,Low,Low,observed_in_v1,Low,E4; E6; E23; E25; E31; E42,none_in_v1,E2,Low because the path is model-possible but weakly supported by the current v1 feasibility evidence.
P284,trusted_identity_or_maintainer_compromise,developer_or_maintainer_environment_control,hardware_trojan_backdoor_or_logic_bomb,stage_4_design_for_testability,integrity,Medium,Low,Low,observed_in_v1,Low,E4; E6; E23; E25; E31; E42,none_in_v1,E2,Low because the path is model-possible but weakly supported by the current v1 feasibility evidence.
P285,trusted_identity_or_maintainer_compromise,developer_or_maintainer_environment_control,hardware_trojan_backdoor_or_logic_bomb,stage_4_design_for_testability,availability,Medium,Low,Low,observed_in_v1,Low,E4; E6; E23; E25; E31; E42,none_in_v1,E2,Low because the path is model-possible but weakly supported by the current v1 feasibility evidence.
P286,trusted_identity_or_maintainer_compromise,developer_or_maintainer_environment_control,hardware_trojan_backdoor_or_logic_bomb,stage_5_placement_and_routing,confidentiality,Medium,Low,Low,observed_in_v1,Low,E4; E6; E23; E25; E31; E42,none_in_v1,E2,Low because the path is model-possible but weakly supported by the current v1 feasibility evidence.
P287,trusted_identity_or_maintainer_compromise,developer_or_maintainer_environment_control,hardware_trojan_backdoor_or_logic_bomb,stage_5_placement_and_routing,integrity,Medium,Low,Low,observed_in_v1,Low,E4; E6; E23; E25; E31; E42,none_in_v1,E2,Low because the path is model-possible but weakly supported by the current v1 feasibility evidence.
P288,trusted_identity_or_maintainer_compromise,developer_or_maintainer_environment_control,hardware_trojan_backdoor_or_logic_bomb,stage_5_placement_and_routing,availability,Medium,Low,Low,observed_in_v1,Low,E4; E6; E23; E25; E31; E42,none_in_v1,E2,Low because the path is model-possible but weakly supported by the current v1 feasibility evidence.
P289,trusted_identity_or_maintainer_compromise,developer_or_maintainer_environment_control,hardware_trojan_backdoor_or_logic_bomb,stage_6_static_timing_analysis,confidentiality,Medium,Low,Low,observed_in_v1,Low,E4; E6; E23; E25; E31; E42,none_in_v1,E2,Low because the path is model-possible but weakly supported by the current v1 feasibility evidence.
P290,trusted_identity_or_maintainer_compromise,developer_or_maintainer_environment_control,hardware_trojan_backdoor_or_logic_bomb,stage_6_static_timing_analysis,integrity,Medium,Low,Low,observed_in_v1,Low,E4; E6; E23; E25; E31; E42,none_in_v1,E2,Low because the path is model-possible but weakly supported by the current v1 feasibility evidence.
P291,trusted_identity_or_maintainer_compromise,developer_or_maintainer_environment_control,hardware_trojan_backdoor_or_logic_bomb,stage_6_static_timing_analysis,availability,Medium,Low,Low,observed_in_v1,Low,E4; E6; E23; E25; E31; E42,none_in_v1,E2,Low because the path is model-possible but weakly supported by the current v1 feasibility evidence.
P292,trusted_identity_or_maintainer_compromise,developer_or_maintainer_environment_control,hardware_trojan_backdoor_or_logic_bomb,stage_7_physical_verification_and_signoff,confidentiality,Medium,Low,Low,observed_in_v1,Low,E4; E6; E23; E25; E31; E42,none_in_v1,E2,Low because the path is model-possible but weakly supported by the current v1 feasibility evidence.
P293,trusted_identity_or_maintainer_compromise,developer_or_maintainer_environment_control,hardware_trojan_backdoor_or_logic_bomb,stage_7_physical_verification_and_signoff,integrity,Medium,Low,Low,observed_in_v1,Low,E4; E6; E23; E25; E31; E42,none_in_v1,E2,Low because the path is model-possible but weakly supported by the current v1 feasibility evidence.
P294,trusted_identity_or_maintainer_compromise,developer_or_maintainer_environment_control,hardware_trojan_backdoor_or_logic_bomb,stage_7_physical_verification_and_signoff,availability,Medium,Low,Low,observed_in_v1,Low,E4; E6; E23; E25; E31; E42,none_in_v1,E2,Low because the path is model-possible but weakly supported by the current v1 feasibility evidence.
P295,trusted_identity_or_maintainer_compromise,developer_or_maintainer_environment_control,hardware_trojan_backdoor_or_logic_bomb,stage_8_post_silicon_validation,confidentiality,Medium,Low,Low,not_observed_in_v1,Low,E4; E6; E23; E25; E31; E42,none_in_v1,E2,Low because the path is model-possible but weakly supported by the current v1 feasibility evidence.
P296,trusted_identity_or_maintainer_compromise,developer_or_maintainer_environment_control,hardware_trojan_backdoor_or_logic_bomb,stage_8_post_silicon_validation,integrity,Medium,Low,Low,not_observed_in_v1,Low,E4; E6; E23; E25; E31; E42,none_in_v1,E2,Low because the path is model-possible but weakly supported by the current v1 feasibility evidence.
P297,trusted_identity_or_maintainer_compromise,developer_or_maintainer_environment_control,hardware_trojan_backdoor_or_logic_bomb,stage_8_post_silicon_validation,availability,Medium,Low,Low,not_observed_in_v1,Low,E4; E6; E23; E25; E31; E42,none_in_v1,E2,Low because the path is model-possible but weakly supported by the current v1 feasibility evidence.
P298,trusted_identity_or_maintainer_compromise,developer_or_maintainer_environment_control,hardware_trojan_backdoor_or_logic_bomb,stage_9_manufacturing_testing,confidentiality,Medium,Low,Low,observed_in_v1,Low,E4; E6; E23; E25; E31; E42,none_in_v1,E2,Low because the path is model-possible but weakly supported by the current v1 feasibility evidence.
P299,trusted_identity_or_maintainer_compromise,developer_or_maintainer_environment_control,hardware_trojan_backdoor_or_logic_bomb,stage_9_manufacturing_testing,integrity,Medium,Low,Low,observed_in_v1,Low,E4; E6; E23; E25; E31; E42,none_in_v1,E2,Low because the path is model-possible but weakly supported by the current v1 feasibility evidence.
P300,trusted_identity_or_maintainer_compromise,developer_or_maintainer_environment_control,hardware_trojan_backdoor_or_logic_bomb,stage_9_manufacturing_testing,availability,Medium,Low,Low,observed_in_v1,Low,E4; E6; E23; E25; E31; E42,none_in_v1,E2,Low because the path is model-possible but weakly supported by the current v1 feasibility evidence.
P301,trusted_identity_or_maintainer_compromise,developer_or_maintainer_environment_control,information_leakage_or_asset_exposure,stage_0_design_specification,confidentiality,Medium,Low,Low,not_observed_in_v1,Low,E4; E6; E23; E25; E31; E42,none_in_v1,none_in_v1,Low because the path is model-possible but weakly supported by the current v1 feasibility evidence.
P302,trusted_identity_or_maintainer_compromise,developer_or_maintainer_environment_control,information_leakage_or_asset_exposure,stage_1_high_level_synthesis,confidentiality,Medium,Low,Low,observed_in_v1,Low,E4; E6; E23; E25; E31; E42,none_in_v1,none_in_v1,Low because the path is model-possible but weakly supported by the current v1 feasibility evidence.
P303,trusted_identity_or_maintainer_compromise,developer_or_maintainer_environment_control,information_leakage_or_asset_exposure,stage_2_logic_synthesis,confidentiality,Medium,Low,Low,observed_in_v1,Low,E4; E6; E23; E25; E31; E42,none_in_v1,none_in_v1,Low because the path is model-possible but weakly supported by the current v1 feasibility evidence.
P304,trusted_identity_or_maintainer_compromise,developer_or_maintainer_environment_control,information_leakage_or_asset_exposure,stage_3_post_synthesis_verification,confidentiality,Medium,Low,Low,observed_in_v1,Low,E4; E6; E23; E25; E31; E42,none_in_v1,none_in_v1,Low because the path is model-possible but weakly supported by the current v1 feasibility evidence.
P305,trusted_identity_or_maintainer_compromise,developer_or_maintainer_environment_control,information_leakage_or_asset_exposure,stage_4_design_for_testability,confidentiality,Medium,Low,Low,observed_in_v1,Low,E4; E6; E23; E25; E31; E42,none_in_v1,none_in_v1,Low because the path is model-possible but weakly supported by the current v1 feasibility evidence.
P306,trusted_identity_or_maintainer_compromise,developer_or_maintainer_environment_control,information_leakage_or_asset_exposure,stage_5_placement_and_routing,confidentiality,Medium,Low,Low,observed_in_v1,Low,E4; E6; E23; E25; E31; E42,none_in_v1,none_in_v1,Low because the path is model-possible but weakly supported by the current v1 feasibility evidence.
P307,trusted_identity_or_maintainer_compromise,developer_or_maintainer_environment_control,information_leakage_or_asset_exposure,stage_6_static_timing_analysis,confidentiality,Medium,Low,Low,observed_in_v1,Low,E4; E6; E23; E25; E31; E42,none_in_v1,none_in_v1,Low because the path is model-possible but weakly supported by the current v1 feasibility evidence.
P308,trusted_identity_or_maintainer_compromise,developer_or_maintainer_environment_control,information_leakage_or_asset_exposure,stage_7_physical_verification_and_signoff,confidentiality,Medium,Low,Low,observed_in_v1,Low,E4; E6; E23; E25; E31; E42,none_in_v1,none_in_v1,Low because the path is model-possible but weakly supported by the current v1 feasibility evidence.
P309,trusted_identity_or_maintainer_compromise,developer_or_maintainer_environment_control,information_leakage_or_asset_exposure,stage_8_post_silicon_validation,confidentiality,Medium,Low,Low,not_observed_in_v1,Low,E4; E6; E23; E25; E31; E42,none_in_v1,none_in_v1,Low because the path is model-possible but weakly supported by the current v1 feasibility evidence.
P310,trusted_identity_or_maintainer_compromise,developer_or_maintainer_environment_control,information_leakage_or_asset_exposure,stage_9_manufacturing_testing,confidentiality,Medium,Low,Low,observed_in_v1,Low,E4; E6; E23; E25; E31; E42,none_in_v1,none_in_v1,Low because the path is model-possible but weakly supported by the current v1 feasibility evidence.
P311,trusted_identity_or_maintainer_compromise,developer_or_maintainer_environment_control,access_abuse_or_system_disruption,stage_0_design_specification,integrity,Medium,Low,Medium,not_observed_in_v1,Low,E4; E6; E23; E25; E31; E42,none_in_v1,E10; E49; E50,Low because the path is model-possible but weakly supported by the current v1 feasibility evidence.
P312,trusted_identity_or_maintainer_compromise,developer_or_maintainer_environment_control,access_abuse_or_system_disruption,stage_0_design_specification,availability,Medium,Low,Medium,not_observed_in_v1,Low,E4; E6; E23; E25; E31; E42,none_in_v1,E10; E49; E50,Low because the path is model-possible but weakly supported by the current v1 feasibility evidence.
P313,trusted_identity_or_maintainer_compromise,developer_or_maintainer_environment_control,access_abuse_or_system_disruption,stage_1_high_level_synthesis,integrity,Medium,Low,Medium,observed_in_v1,Medium,E4; E6; E23; E25; E31; E42,none_in_v1,E10; E49; E50,"Medium because the path has partial or indirect evidence support, but it does not satisfy all High criteria."
P314,trusted_identity_or_maintainer_compromise,developer_or_maintainer_environment_control,access_abuse_or_system_disruption,stage_1_high_level_synthesis,availability,Medium,Low,Medium,observed_in_v1,Medium,E4; E6; E23; E25; E31; E42,none_in_v1,E10; E49; E50,"Medium because the path has partial or indirect evidence support, but it does not satisfy all High criteria."
P315,trusted_identity_or_maintainer_compromise,developer_or_maintainer_environment_control,access_abuse_or_system_disruption,stage_2_logic_synthesis,integrity,Medium,Low,Medium,observed_in_v1,Medium,E4; E6; E23; E25; E31; E42,none_in_v1,E10; E49; E50,"Medium because the path has partial or indirect evidence support, but it does not satisfy all High criteria."
P316,trusted_identity_or_maintainer_compromise,developer_or_maintainer_environment_control,access_abuse_or_system_disruption,stage_2_logic_synthesis,availability,Medium,Low,Medium,observed_in_v1,Medium,E4; E6; E23; E25; E31; E42,none_in_v1,E10; E49; E50,"Medium because the path has partial or indirect evidence support, but it does not satisfy all High criteria."
P317,trusted_identity_or_maintainer_compromise,developer_or_maintainer_environment_control,access_abuse_or_system_disruption,stage_3_post_synthesis_verification,integrity,Medium,Low,Medium,observed_in_v1,Medium,E4; E6; E23; E25; E31; E42,none_in_v1,E10; E49; E50,"Medium because the path has partial or indirect evidence support, but it does not satisfy all High criteria."
P318,trusted_identity_or_maintainer_compromise,developer_or_maintainer_environment_control,access_abuse_or_system_disruption,stage_3_post_synthesis_verification,availability,Medium,Low,Medium,observed_in_v1,Medium,E4; E6; E23; E25; E31; E42,none_in_v1,E10; E49; E50,"Medium because the path has partial or indirect evidence support, but it does not satisfy all High criteria."
P319,trusted_identity_or_maintainer_compromise,developer_or_maintainer_environment_control,access_abuse_or_system_disruption,stage_4_design_for_testability,integrity,Medium,Low,Medium,observed_in_v1,Medium,E4; E6; E23; E25; E31; E42,none_in_v1,E10; E49; E50,"Medium because the path has partial or indirect evidence support, but it does not satisfy all High criteria."
P320,trusted_identity_or_maintainer_compromise,developer_or_maintainer_environment_control,access_abuse_or_system_disruption,stage_4_design_for_testability,availability,Medium,Low,Medium,observed_in_v1,Medium,E4; E6; E23; E25; E31; E42,none_in_v1,E10; E49; E50,"Medium because the path has partial or indirect evidence support, but it does not satisfy all High criteria."
P321,trusted_identity_or_maintainer_compromise,developer_or_maintainer_environment_control,access_abuse_or_system_disruption,stage_5_placement_and_routing,integrity,Medium,Low,Medium,observed_in_v1,Medium,E4; E6; E23; E25; E31; E42,none_in_v1,E10; E49; E50,"Medium because the path has partial or indirect evidence support, but it does not satisfy all High criteria."
P322,trusted_identity_or_maintainer_compromise,developer_or_maintainer_environment_control,access_abuse_or_system_disruption,stage_5_placement_and_routing,availability,Medium,Low,Medium,observed_in_v1,Medium,E4; E6; E23; E25; E31; E42,none_in_v1,E10; E49; E50,"Medium because the path has partial or indirect evidence support, but it does not satisfy all High criteria."
P323,trusted_identity_or_maintainer_compromise,developer_or_maintainer_environment_control,access_abuse_or_system_disruption,stage_6_static_timing_analysis,integrity,Medium,Low,Medium,observed_in_v1,Medium,E4; E6; E23; E25; E31; E42,none_in_v1,E10; E49; E50,"Medium because the path has partial or indirect evidence support, but it does not satisfy all High criteria."
P324,trusted_identity_or_maintainer_compromise,developer_or_maintainer_environment_control,access_abuse_or_system_disruption,stage_6_static_timing_analysis,availability,Medium,Low,Medium,observed_in_v1,Medium,E4; E6; E23; E25; E31; E42,none_in_v1,E10; E49; E50,"Medium because the path has partial or indirect evidence support, but it does not satisfy all High criteria."
P325,trusted_identity_or_maintainer_compromise,developer_or_maintainer_environment_control,access_abuse_or_system_disruption,stage_7_physical_verification_and_signoff,integrity,Medium,Low,Medium,observed_in_v1,Medium,E4; E6; E23; E25; E31; E42,none_in_v1,E10; E49; E50,"Medium because the path has partial or indirect evidence support, but it does not satisfy all High criteria."
P326,trusted_identity_or_maintainer_compromise,developer_or_maintainer_environment_control,access_abuse_or_system_disruption,stage_7_physical_verification_and_signoff,availability,Medium,Low,Medium,observed_in_v1,Medium,E4; E6; E23; E25; E31; E42,none_in_v1,E10; E49; E50,"Medium because the path has partial or indirect evidence support, but it does not satisfy all High criteria."
P327,trusted_identity_or_maintainer_compromise,developer_or_maintainer_environment_control,access_abuse_or_system_disruption,stage_8_post_silicon_validation,integrity,Medium,Low,Medium,not_observed_in_v1,Low,E4; E6; E23; E25; E31; E42,none_in_v1,E10; E49; E50,Low because the path is model-possible but weakly supported by the current v1 feasibility evidence.
P328,trusted_identity_or_maintainer_compromise,developer_or_maintainer_environment_control,access_abuse_or_system_disruption,stage_8_post_silicon_validation,availability,Medium,Low,Medium,not_observed_in_v1,Low,E4; E6; E23; E25; E31; E42,none_in_v1,E10; E49; E50,Low because the path is model-possible but weakly supported by the current v1 feasibility evidence.
P329,trusted_identity_or_maintainer_compromise,developer_or_maintainer_environment_control,access_abuse_or_system_disruption,stage_9_manufacturing_testing,integrity,Medium,Low,Medium,observed_in_v1,Medium,E4; E6; E23; E25; E31; E42,none_in_v1,E10; E49; E50,"Medium because the path has partial or indirect evidence support, but it does not satisfy all High criteria."
P330,trusted_identity_or_maintainer_compromise,developer_or_maintainer_environment_control,access_abuse_or_system_disruption,stage_9_manufacturing_testing,availability,Medium,Low,Medium,observed_in_v1,Medium,E4; E6; E23; E25; E31; E42,none_in_v1,E10; E49; E50,"Medium because the path has partial or indirect evidence support, but it does not satisfy all High criteria."
P331,build_or_toolchain_compromise,build_or_toolchain_execution_control,design_tampering_or_malicious_modification,stage_0_design_specification,integrity,High,High,Medium,not_observed_in_v1,Medium,E36; E48; E45; E46; E47,E36; E37; E48; E45; E46; E47,E2; E10; E19,"Medium because the path has partial or indirect evidence support, but it does not satisfy all High criteria."
P332,build_or_toolchain_compromise,build_or_toolchain_execution_control,design_tampering_or_malicious_modification,stage_0_design_specification,availability,High,High,Medium,not_observed_in_v1,Medium,E36; E48; E45; E46; E47,E36; E37; E48; E45; E46; E47,E2; E10; E19,"Medium because the path has partial or indirect evidence support, but it does not satisfy all High criteria."
P333,build_or_toolchain_compromise,build_or_toolchain_execution_control,design_tampering_or_malicious_modification,stage_1_high_level_synthesis,integrity,High,High,Medium,observed_in_v1,High,E36; E48; E45; E46; E47,E36; E37; E48; E45; E46; E47,E2; E10; E19,"High because the A_sw category and M_sw capability both have High evidence support, the VLSI-side category has at least Medium support, and the stage is observed in the v1 evidence."
P334,build_or_toolchain_compromise,build_or_toolchain_execution_control,design_tampering_or_malicious_modification,stage_1_high_level_synthesis,availability,High,High,Medium,observed_in_v1,High,E36; E48; E45; E46; E47,E36; E37; E48; E45; E46; E47,E2; E10; E19,"High because the A_sw category and M_sw capability both have High evidence support, the VLSI-side category has at least Medium support, and the stage is observed in the v1 evidence."
P335,build_or_toolchain_compromise,build_or_toolchain_execution_control,design_tampering_or_malicious_modification,stage_2_logic_synthesis,integrity,High,High,Medium,observed_in_v1,High,E36; E48; E45; E46; E47,E36; E37; E48; E45; E46; E47,E2; E10; E19,"High because the A_sw category and M_sw capability both have High evidence support, the VLSI-side category has at least Medium support, and the stage is observed in the v1 evidence."
P336,build_or_toolchain_compromise,build_or_toolchain_execution_control,design_tampering_or_malicious_modification,stage_2_logic_synthesis,availability,High,High,Medium,observed_in_v1,High,E36; E48; E45; E46; E47,E36; E37; E48; E45; E46; E47,E2; E10; E19,"High because the A_sw category and M_sw capability both have High evidence support, the VLSI-side category has at least Medium support, and the stage is observed in the v1 evidence."
P337,build_or_toolchain_compromise,build_or_toolchain_execution_control,design_tampering_or_malicious_modification,stage_3_post_synthesis_verification,integrity,High,High,Medium,observed_in_v1,High,E36; E48; E45; E46; E47,E36; E37; E48; E45; E46; E47,E2; E10; E19,"High because the A_sw category and M_sw capability both have High evidence support, the VLSI-side category has at least Medium support, and the stage is observed in the v1 evidence."
P338,build_or_toolchain_compromise,build_or_toolchain_execution_control,design_tampering_or_malicious_modification,stage_3_post_synthesis_verification,availability,High,High,Medium,observed_in_v1,High,E36; E48; E45; E46; E47,E36; E37; E48; E45; E46; E47,E2; E10; E19,"High because the A_sw category and M_sw capability both have High evidence support, the VLSI-side category has at least Medium support, and the stage is observed in the v1 evidence."
P339,build_or_toolchain_compromise,build_or_toolchain_execution_control,design_tampering_or_malicious_modification,stage_4_design_for_testability,integrity,High,High,Medium,observed_in_v1,High,E36; E48; E45; E46; E47,E36; E37; E48; E45; E46; E47,E2; E10; E19,"High because the A_sw category and M_sw capability both have High evidence support, the VLSI-side category has at least Medium support, and the stage is observed in the v1 evidence."
P340,build_or_toolchain_compromise,build_or_toolchain_execution_control,design_tampering_or_malicious_modification,stage_4_design_for_testability,availability,High,High,Medium,observed_in_v1,High,E36; E48; E45; E46; E47,E36; E37; E48; E45; E46; E47,E2; E10; E19,"High because the A_sw category and M_sw capability both have High evidence support, the VLSI-side category has at least Medium support, and the stage is observed in the v1 evidence."
P341,build_or_toolchain_compromise,build_or_toolchain_execution_control,design_tampering_or_malicious_modification,stage_5_placement_and_routing,integrity,High,High,Medium,observed_in_v1,High,E36; E48; E45; E46; E47,E36; E37; E48; E45; E46; E47,E2; E10; E19,"High because the A_sw category and M_sw capability both have High evidence support, the VLSI-side category has at least Medium support, and the stage is observed in the v1 evidence."
P342,build_or_toolchain_compromise,build_or_toolchain_execution_control,design_tampering_or_malicious_modification,stage_5_placement_and_routing,availability,High,High,Medium,observed_in_v1,High,E36; E48; E45; E46; E47,E36; E37; E48; E45; E46; E47,E2; E10; E19,"High because the A_sw category and M_sw capability both have High evidence support, the VLSI-side category has at least Medium support, and the stage is observed in the v1 evidence."
P343,build_or_toolchain_compromise,build_or_toolchain_execution_control,design_tampering_or_malicious_modification,stage_6_static_timing_analysis,integrity,High,High,Medium,observed_in_v1,High,E36; E48; E45; E46; E47,E36; E37; E48; E45; E46; E47,E2; E10; E19,"High because the A_sw category and M_sw capability both have High evidence support, the VLSI-side category has at least Medium support, and the stage is observed in the v1 evidence."
P344,build_or_toolchain_compromise,build_or_toolchain_execution_control,design_tampering_or_malicious_modification,stage_6_static_timing_analysis,availability,High,High,Medium,observed_in_v1,High,E36; E48; E45; E46; E47,E36; E37; E48; E45; E46; E47,E2; E10; E19,"High because the A_sw category and M_sw capability both have High evidence support, the VLSI-side category has at least Medium support, and the stage is observed in the v1 evidence."
P345,build_or_toolchain_compromise,build_or_toolchain_execution_control,design_tampering_or_malicious_modification,stage_7_physical_verification_and_signoff,integrity,High,High,Medium,observed_in_v1,High,E36; E48; E45; E46; E47,E36; E37; E48; E45; E46; E47,E2; E10; E19,"High because the A_sw category and M_sw capability both have High evidence support, the VLSI-side category has at least Medium support, and the stage is observed in the v1 evidence."
P346,build_or_toolchain_compromise,build_or_toolchain_execution_control,design_tampering_or_malicious_modification,stage_7_physical_verification_and_signoff,availability,High,High,Medium,observed_in_v1,High,E36; E48; E45; E46; E47,E36; E37; E48; E45; E46; E47,E2; E10; E19,"High because the A_sw category and M_sw capability both have High evidence support, the VLSI-side category has at least Medium support, and the stage is observed in the v1 evidence."
P347,build_or_toolchain_compromise,build_or_toolchain_execution_control,hardware_trojan_backdoor_or_logic_bomb,stage_1_high_level_synthesis,confidentiality,High,High,Low,observed_in_v1,Medium,E36; E48; E45; E46; E47,E36; E37; E48; E45; E46; E47,E2,"Medium because the path has partial or indirect evidence support, but it does not satisfy all High criteria."
P348,build_or_toolchain_compromise,build_or_toolchain_execution_control,hardware_trojan_backdoor_or_logic_bomb,stage_1_high_level_synthesis,integrity,High,High,Low,observed_in_v1,Medium,E36; E48; E45; E46; E47,E36; E37; E48; E45; E46; E47,E2,"Medium because the path has partial or indirect evidence support, but it does not satisfy all High criteria."
P349,build_or_toolchain_compromise,build_or_toolchain_execution_control,hardware_trojan_backdoor_or_logic_bomb,stage_1_high_level_synthesis,availability,High,High,Low,observed_in_v1,Medium,E36; E48; E45; E46; E47,E36; E37; E48; E45; E46; E47,E2,"Medium because the path has partial or indirect evidence support, but it does not satisfy all High criteria."
P350,build_or_toolchain_compromise,build_or_toolchain_execution_control,hardware_trojan_backdoor_or_logic_bomb,stage_2_logic_synthesis,confidentiality,High,High,Low,observed_in_v1,Medium,E36; E48; E45; E46; E47,E36; E37; E48; E45; E46; E47,E2,"Medium because the path has partial or indirect evidence support, but it does not satisfy all High criteria."
P351,build_or_toolchain_compromise,build_or_toolchain_execution_control,hardware_trojan_backdoor_or_logic_bomb,stage_2_logic_synthesis,integrity,High,High,Low,observed_in_v1,Medium,E36; E48; E45; E46; E47,E36; E37; E48; E45; E46; E47,E2,"Medium because the path has partial or indirect evidence support, but it does not satisfy all High criteria."
P352,build_or_toolchain_compromise,build_or_toolchain_execution_control,hardware_trojan_backdoor_or_logic_bomb,stage_2_logic_synthesis,availability,High,High,Low,observed_in_v1,Medium,E36; E48; E45; E46; E47,E36; E37; E48; E45; E46; E47,E2,"Medium because the path has partial or indirect evidence support, but it does not satisfy all High criteria."
P353,build_or_toolchain_compromise,build_or_toolchain_execution_control,hardware_trojan_backdoor_or_logic_bomb,stage_3_post_synthesis_verification,confidentiality,High,High,Low,observed_in_v1,Medium,E36; E48; E45; E46; E47,E36; E37; E48; E45; E46; E47,E2,"Medium because the path has partial or indirect evidence support, but it does not satisfy all High criteria."
P354,build_or_toolchain_compromise,build_or_toolchain_execution_control,hardware_trojan_backdoor_or_logic_bomb,stage_3_post_synthesis_verification,integrity,High,High,Low,observed_in_v1,Medium,E36; E48; E45; E46; E47,E36; E37; E48; E45; E46; E47,E2,"Medium because the path has partial or indirect evidence support, but it does not satisfy all High criteria."
P355,build_or_toolchain_compromise,build_or_toolchain_execution_control,hardware_trojan_backdoor_or_logic_bomb,stage_3_post_synthesis_verification,availability,High,High,Low,observed_in_v1,Medium,E36; E48; E45; E46; E47,E36; E37; E48; E45; E46; E47,E2,"Medium because the path has partial or indirect evidence support, but it does not satisfy all High criteria."
P356,build_or_toolchain_compromise,build_or_toolchain_execution_control,hardware_trojan_backdoor_or_logic_bomb,stage_4_design_for_testability,confidentiality,High,High,Low,observed_in_v1,Medium,E36; E48; E45; E46; E47,E36; E37; E48; E45; E46; E47,E2,"Medium because the path has partial or indirect evidence support, but it does not satisfy all High criteria."
P357,build_or_toolchain_compromise,build_or_toolchain_execution_control,hardware_trojan_backdoor_or_logic_bomb,stage_4_design_for_testability,integrity,High,High,Low,observed_in_v1,Medium,E36; E48; E45; E46; E47,E36; E37; E48; E45; E46; E47,E2,"Medium because the path has partial or indirect evidence support, but it does not satisfy all High criteria."
P358,build_or_toolchain_compromise,build_or_toolchain_execution_control,hardware_trojan_backdoor_or_logic_bomb,stage_4_design_for_testability,availability,High,High,Low,observed_in_v1,Medium,E36; E48; E45; E46; E47,E36; E37; E48; E45; E46; E47,E2,"Medium because the path has partial or indirect evidence support, but it does not satisfy all High criteria."
P359,build_or_toolchain_compromise,build_or_toolchain_execution_control,hardware_trojan_backdoor_or_logic_bomb,stage_5_placement_and_routing,confidentiality,High,High,Low,observed_in_v1,Medium,E36; E48; E45; E46; E47,E36; E37; E48; E45; E46; E47,E2,"Medium because the path has partial or indirect evidence support, but it does not satisfy all High criteria."
P360,build_or_toolchain_compromise,build_or_toolchain_execution_control,hardware_trojan_backdoor_or_logic_bomb,stage_5_placement_and_routing,integrity,High,High,Low,observed_in_v1,Medium,E36; E48; E45; E46; E47,E36; E37; E48; E45; E46; E47,E2,"Medium because the path has partial or indirect evidence support, but it does not satisfy all High criteria."
P361,build_or_toolchain_compromise,build_or_toolchain_execution_control,hardware_trojan_backdoor_or_logic_bomb,stage_5_placement_and_routing,availability,High,High,Low,observed_in_v1,Medium,E36; E48; E45; E46; E47,E36; E37; E48; E45; E46; E47,E2,"Medium because the path has partial or indirect evidence support, but it does not satisfy all High criteria."
P362,build_or_toolchain_compromise,build_or_toolchain_execution_control,hardware_trojan_backdoor_or_logic_bomb,stage_6_static_timing_analysis,confidentiality,High,High,Low,observed_in_v1,Medium,E36; E48; E45; E46; E47,E36; E37; E48; E45; E46; E47,E2,"Medium because the path has partial or indirect evidence support, but it does not satisfy all High criteria."
P363,build_or_toolchain_compromise,build_or_toolchain_execution_control,hardware_trojan_backdoor_or_logic_bomb,stage_6_static_timing_analysis,integrity,High,High,Low,observed_in_v1,Medium,E36; E48; E45; E46; E47,E36; E37; E48; E45; E46; E47,E2,"Medium because the path has partial or indirect evidence support, but it does not satisfy all High criteria."
P364,build_or_toolchain_compromise,build_or_toolchain_execution_control,hardware_trojan_backdoor_or_logic_bomb,stage_6_static_timing_analysis,availability,High,High,Low,observed_in_v1,Medium,E36; E48; E45; E46; E47,E36; E37; E48; E45; E46; E47,E2,"Medium because the path has partial or indirect evidence support, but it does not satisfy all High criteria."
P365,build_or_toolchain_compromise,build_or_toolchain_execution_control,hardware_trojan_backdoor_or_logic_bomb,stage_7_physical_verification_and_signoff,confidentiality,High,High,Low,observed_in_v1,Medium,E36; E48; E45; E46; E47,E36; E37; E48; E45; E46; E47,E2,"Medium because the path has partial or indirect evidence support, but it does not satisfy all High criteria."
P366,build_or_toolchain_compromise,build_or_toolchain_execution_control,hardware_trojan_backdoor_or_logic_bomb,stage_7_physical_verification_and_signoff,integrity,High,High,Low,observed_in_v1,Medium,E36; E48; E45; E46; E47,E36; E37; E48; E45; E46; E47,E2,"Medium because the path has partial or indirect evidence support, but it does not satisfy all High criteria."
P367,build_or_toolchain_compromise,build_or_toolchain_execution_control,hardware_trojan_backdoor_or_logic_bomb,stage_7_physical_verification_and_signoff,availability,High,High,Low,observed_in_v1,Medium,E36; E48; E45; E46; E47,E36; E37; E48; E45; E46; E47,E2,"Medium because the path has partial or indirect evidence support, but it does not satisfy all High criteria."
P368,build_or_toolchain_compromise,build_or_toolchain_execution_control,hardware_trojan_backdoor_or_logic_bomb,stage_8_post_silicon_validation,confidentiality,High,High,Low,not_observed_in_v1,Medium,E36; E48; E45; E46; E47,E36; E37; E48; E45; E46; E47,E2,"Medium because the path has partial or indirect evidence support, but it does not satisfy all High criteria."
P369,build_or_toolchain_compromise,build_or_toolchain_execution_control,hardware_trojan_backdoor_or_logic_bomb,stage_8_post_silicon_validation,integrity,High,High,Low,not_observed_in_v1,Medium,E36; E48; E45; E46; E47,E36; E37; E48; E45; E46; E47,E2,"Medium because the path has partial or indirect evidence support, but it does not satisfy all High criteria."
P370,build_or_toolchain_compromise,build_or_toolchain_execution_control,hardware_trojan_backdoor_or_logic_bomb,stage_8_post_silicon_validation,availability,High,High,Low,not_observed_in_v1,Medium,E36; E48; E45; E46; E47,E36; E37; E48; E45; E46; E47,E2,"Medium because the path has partial or indirect evidence support, but it does not satisfy all High criteria."
P371,build_or_toolchain_compromise,build_or_toolchain_execution_control,hardware_trojan_backdoor_or_logic_bomb,stage_9_manufacturing_testing,confidentiality,High,High,Low,observed_in_v1,Medium,E36; E48; E45; E46; E47,E36; E37; E48; E45; E46; E47,E2,"Medium because the path has partial or indirect evidence support, but it does not satisfy all High criteria."
P372,build_or_toolchain_compromise,build_or_toolchain_execution_control,hardware_trojan_backdoor_or_logic_bomb,stage_9_manufacturing_testing,integrity,High,High,Low,observed_in_v1,Medium,E36; E48; E45; E46; E47,E36; E37; E48; E45; E46; E47,E2,"Medium because the path has partial or indirect evidence support, but it does not satisfy all High criteria."
P373,build_or_toolchain_compromise,build_or_toolchain_execution_control,hardware_trojan_backdoor_or_logic_bomb,stage_9_manufacturing_testing,availability,High,High,Low,observed_in_v1,Medium,E36; E48; E45; E46; E47,E36; E37; E48; E45; E46; E47,E2,"Medium because the path has partial or indirect evidence support, but it does not satisfy all High criteria."
P374,build_or_toolchain_compromise,build_or_toolchain_execution_control,information_leakage_or_asset_exposure,stage_0_design_specification,confidentiality,High,High,Low,not_observed_in_v1,Medium,E36; E48; E45; E46; E47,E36; E37; E48; E45; E46; E47,none_in_v1,"Medium because the path has partial or indirect evidence support, but it does not satisfy all High criteria."
P375,build_or_toolchain_compromise,build_or_toolchain_execution_control,information_leakage_or_asset_exposure,stage_1_high_level_synthesis,confidentiality,High,High,Low,observed_in_v1,Medium,E36; E48; E45; E46; E47,E36; E37; E48; E45; E46; E47,none_in_v1,"Medium because the path has partial or indirect evidence support, but it does not satisfy all High criteria."
P376,build_or_toolchain_compromise,build_or_toolchain_execution_control,information_leakage_or_asset_exposure,stage_2_logic_synthesis,confidentiality,High,High,Low,observed_in_v1,Medium,E36; E48; E45; E46; E47,E36; E37; E48; E45; E46; E47,none_in_v1,"Medium because the path has partial or indirect evidence support, but it does not satisfy all High criteria."
P377,build_or_toolchain_compromise,build_or_toolchain_execution_control,information_leakage_or_asset_exposure,stage_3_post_synthesis_verification,confidentiality,High,High,Low,observed_in_v1,Medium,E36; E48; E45; E46; E47,E36; E37; E48; E45; E46; E47,none_in_v1,"Medium because the path has partial or indirect evidence support, but it does not satisfy all High criteria."
P378,build_or_toolchain_compromise,build_or_toolchain_execution_control,information_leakage_or_asset_exposure,stage_4_design_for_testability,confidentiality,High,High,Low,observed_in_v1,Medium,E36; E48; E45; E46; E47,E36; E37; E48; E45; E46; E47,none_in_v1,"Medium because the path has partial or indirect evidence support, but it does not satisfy all High criteria."
P379,build_or_toolchain_compromise,build_or_toolchain_execution_control,information_leakage_or_asset_exposure,stage_5_placement_and_routing,confidentiality,High,High,Low,observed_in_v1,Medium,E36; E48; E45; E46; E47,E36; E37; E48; E45; E46; E47,none_in_v1,"Medium because the path has partial or indirect evidence support, but it does not satisfy all High criteria."
P380,build_or_toolchain_compromise,build_or_toolchain_execution_control,information_leakage_or_asset_exposure,stage_6_static_timing_analysis,confidentiality,High,High,Low,observed_in_v1,Medium,E36; E48; E45; E46; E47,E36; E37; E48; E45; E46; E47,none_in_v1,"Medium because the path has partial or indirect evidence support, but it does not satisfy all High criteria."
P381,build_or_toolchain_compromise,build_or_toolchain_execution_control,information_leakage_or_asset_exposure,stage_7_physical_verification_and_signoff,confidentiality,High,High,Low,observed_in_v1,Medium,E36; E48; E45; E46; E47,E36; E37; E48; E45; E46; E47,none_in_v1,"Medium because the path has partial or indirect evidence support, but it does not satisfy all High criteria."
P382,build_or_toolchain_compromise,build_or_toolchain_execution_control,information_leakage_or_asset_exposure,stage_8_post_silicon_validation,confidentiality,High,High,Low,not_observed_in_v1,Medium,E36; E48; E45; E46; E47,E36; E37; E48; E45; E46; E47,none_in_v1,"Medium because the path has partial or indirect evidence support, but it does not satisfy all High criteria."
P383,build_or_toolchain_compromise,build_or_toolchain_execution_control,information_leakage_or_asset_exposure,stage_9_manufacturing_testing,confidentiality,High,High,Low,observed_in_v1,Medium,E36; E48; E45; E46; E47,E36; E37; E48; E45; E46; E47,none_in_v1,"Medium because the path has partial or indirect evidence support, but it does not satisfy all High criteria."
P384,build_or_toolchain_compromise,build_or_toolchain_execution_control,side_channel_fault_or_physical_attack,stage_1_high_level_synthesis,confidentiality,High,High,Low,observed_in_v1,Medium,E36; E48; E45; E46; E47,E36; E37; E48; E45; E46; E47,none_in_v1,"Medium because the path has partial or indirect evidence support, but it does not satisfy all High criteria."
P385,build_or_toolchain_compromise,build_or_toolchain_execution_control,side_channel_fault_or_physical_attack,stage_1_high_level_synthesis,integrity,High,High,Low,observed_in_v1,Medium,E36; E48; E45; E46; E47,E36; E37; E48; E45; E46; E47,none_in_v1,"Medium because the path has partial or indirect evidence support, but it does not satisfy all High criteria."
P386,build_or_toolchain_compromise,build_or_toolchain_execution_control,side_channel_fault_or_physical_attack,stage_1_high_level_synthesis,availability,High,High,Low,observed_in_v1,Medium,E36; E48; E45; E46; E47,E36; E37; E48; E45; E46; E47,none_in_v1,"Medium because the path has partial or indirect evidence support, but it does not satisfy all High criteria."
P387,build_or_toolchain_compromise,build_or_toolchain_execution_control,side_channel_fault_or_physical_attack,stage_2_logic_synthesis,confidentiality,High,High,Low,observed_in_v1,Medium,E36; E48; E45; E46; E47,E36; E37; E48; E45; E46; E47,none_in_v1,"Medium because the path has partial or indirect evidence support, but it does not satisfy all High criteria."
P388,build_or_toolchain_compromise,build_or_toolchain_execution_control,side_channel_fault_or_physical_attack,stage_2_logic_synthesis,integrity,High,High,Low,observed_in_v1,Medium,E36; E48; E45; E46; E47,E36; E37; E48; E45; E46; E47,none_in_v1,"Medium because the path has partial or indirect evidence support, but it does not satisfy all High criteria."
P389,build_or_toolchain_compromise,build_or_toolchain_execution_control,side_channel_fault_or_physical_attack,stage_2_logic_synthesis,availability,High,High,Low,observed_in_v1,Medium,E36; E48; E45; E46; E47,E36; E37; E48; E45; E46; E47,none_in_v1,"Medium because the path has partial or indirect evidence support, but it does not satisfy all High criteria."
P390,build_or_toolchain_compromise,build_or_toolchain_execution_control,side_channel_fault_or_physical_attack,stage_4_design_for_testability,confidentiality,High,High,Low,observed_in_v1,Medium,E36; E48; E45; E46; E47,E36; E37; E48; E45; E46; E47,none_in_v1,"Medium because the path has partial or indirect evidence support, but it does not satisfy all High criteria."
P391,build_or_toolchain_compromise,build_or_toolchain_execution_control,side_channel_fault_or_physical_attack,stage_4_design_for_testability,integrity,High,High,Low,observed_in_v1,Medium,E36; E48; E45; E46; E47,E36; E37; E48; E45; E46; E47,none_in_v1,"Medium because the path has partial or indirect evidence support, but it does not satisfy all High criteria."
P392,build_or_toolchain_compromise,build_or_toolchain_execution_control,side_channel_fault_or_physical_attack,stage_4_design_for_testability,availability,High,High,Low,observed_in_v1,Medium,E36; E48; E45; E46; E47,E36; E37; E48; E45; E46; E47,none_in_v1,"Medium because the path has partial or indirect evidence support, but it does not satisfy all High criteria."
P393,build_or_toolchain_compromise,build_or_toolchain_execution_control,side_channel_fault_or_physical_attack,stage_5_placement_and_routing,confidentiality,High,High,Low,observed_in_v1,Medium,E36; E48; E45; E46; E47,E36; E37; E48; E45; E46; E47,none_in_v1,"Medium because the path has partial or indirect evidence support, but it does not satisfy all High criteria."
P394,build_or_toolchain_compromise,build_or_toolchain_execution_control,side_channel_fault_or_physical_attack,stage_5_placement_and_routing,integrity,High,High,Low,observed_in_v1,Medium,E36; E48; E45; E46; E47,E36; E37; E48; E45; E46; E47,none_in_v1,"Medium because the path has partial or indirect evidence support, but it does not satisfy all High criteria."
P395,build_or_toolchain_compromise,build_or_toolchain_execution_control,side_channel_fault_or_physical_attack,stage_5_placement_and_routing,availability,High,High,Low,observed_in_v1,Medium,E36; E48; E45; E46; E47,E36; E37; E48; E45; E46; E47,none_in_v1,"Medium because the path has partial or indirect evidence support, but it does not satisfy all High criteria."
P396,build_or_toolchain_compromise,build_or_toolchain_execution_control,side_channel_fault_or_physical_attack,stage_6_static_timing_analysis,confidentiality,High,High,Low,observed_in_v1,Medium,E36; E48; E45; E46; E47,E36; E37; E48; E45; E46; E47,none_in_v1,"Medium because the path has partial or indirect evidence support, but it does not satisfy all High criteria."
P397,build_or_toolchain_compromise,build_or_toolchain_execution_control,side_channel_fault_or_physical_attack,stage_6_static_timing_analysis,integrity,High,High,Low,observed_in_v1,Medium,E36; E48; E45; E46; E47,E36; E37; E48; E45; E46; E47,none_in_v1,"Medium because the path has partial or indirect evidence support, but it does not satisfy all High criteria."
P398,build_or_toolchain_compromise,build_or_toolchain_execution_control,side_channel_fault_or_physical_attack,stage_6_static_timing_analysis,availability,High,High,Low,observed_in_v1,Medium,E36; E48; E45; E46; E47,E36; E37; E48; E45; E46; E47,none_in_v1,"Medium because the path has partial or indirect evidence support, but it does not satisfy all High criteria."
P399,build_or_toolchain_compromise,build_or_toolchain_execution_control,side_channel_fault_or_physical_attack,stage_7_physical_verification_and_signoff,confidentiality,High,High,Low,observed_in_v1,Medium,E36; E48; E45; E46; E47,E36; E37; E48; E45; E46; E47,none_in_v1,"Medium because the path has partial or indirect evidence support, but it does not satisfy all High criteria."
P400,build_or_toolchain_compromise,build_or_toolchain_execution_control,side_channel_fault_or_physical_attack,stage_7_physical_verification_and_signoff,integrity,High,High,Low,observed_in_v1,Medium,E36; E48; E45; E46; E47,E36; E37; E48; E45; E46; E47,none_in_v1,"Medium because the path has partial or indirect evidence support, but it does not satisfy all High criteria."
P401,build_or_toolchain_compromise,build_or_toolchain_execution_control,side_channel_fault_or_physical_attack,stage_7_physical_verification_and_signoff,availability,High,High,Low,observed_in_v1,Medium,E36; E48; E45; E46; E47,E36; E37; E48; E45; E46; E47,none_in_v1,"Medium because the path has partial or indirect evidence support, but it does not satisfy all High criteria."
P402,build_or_toolchain_compromise,build_or_toolchain_execution_control,side_channel_fault_or_physical_attack,stage_8_post_silicon_validation,confidentiality,High,High,Low,not_observed_in_v1,Medium,E36; E48; E45; E46; E47,E36; E37; E48; E45; E46; E47,none_in_v1,"Medium because the path has partial or indirect evidence support, but it does not satisfy all High criteria."
P403,build_or_toolchain_compromise,build_or_toolchain_execution_control,side_channel_fault_or_physical_attack,stage_8_post_silicon_validation,integrity,High,High,Low,not_observed_in_v1,Medium,E36; E48; E45; E46; E47,E36; E37; E48; E45; E46; E47,none_in_v1,"Medium because the path has partial or indirect evidence support, but it does not satisfy all High criteria."
P404,build_or_toolchain_compromise,build_or_toolchain_execution_control,side_channel_fault_or_physical_attack,stage_8_post_silicon_validation,availability,High,High,Low,not_observed_in_v1,Medium,E36; E48; E45; E46; E47,E36; E37; E48; E45; E46; E47,none_in_v1,"Medium because the path has partial or indirect evidence support, but it does not satisfy all High criteria."
P405,build_or_toolchain_compromise,build_or_toolchain_execution_control,side_channel_fault_or_physical_attack,stage_9_manufacturing_testing,confidentiality,High,High,Low,observed_in_v1,Medium,E36; E48; E45; E46; E47,E36; E37; E48; E45; E46; E47,none_in_v1,"Medium because the path has partial or indirect evidence support, but it does not satisfy all High criteria."
P406,build_or_toolchain_compromise,build_or_toolchain_execution_control,side_channel_fault_or_physical_attack,stage_9_manufacturing_testing,integrity,High,High,Low,observed_in_v1,Medium,E36; E48; E45; E46; E47,E36; E37; E48; E45; E46; E47,none_in_v1,"Medium because the path has partial or indirect evidence support, but it does not satisfy all High criteria."
P407,build_or_toolchain_compromise,build_or_toolchain_execution_control,side_channel_fault_or_physical_attack,stage_9_manufacturing_testing,availability,High,High,Low,observed_in_v1,Medium,E36; E48; E45; E46; E47,E36; E37; E48; E45; E46; E47,none_in_v1,"Medium because the path has partial or indirect evidence support, but it does not satisfy all High criteria."
P408,build_or_toolchain_compromise,build_or_toolchain_execution_control,hls_induced_security_vulnerability,stage_1_high_level_synthesis,confidentiality,High,High,Low,observed_in_v1,Medium,E36; E48; E45; E46; E47,E36; E37; E48; E45; E46; E47,none_in_v1,"Medium because the path has partial or indirect evidence support, but it does not satisfy all High criteria."
P409,build_or_toolchain_compromise,build_or_toolchain_execution_control,hls_induced_security_vulnerability,stage_1_high_level_synthesis,integrity,High,High,Low,observed_in_v1,Medium,E36; E48; E45; E46; E47,E36; E37; E48; E45; E46; E47,none_in_v1,"Medium because the path has partial or indirect evidence support, but it does not satisfy all High criteria."
P410,build_or_toolchain_compromise,build_or_toolchain_execution_control,hls_induced_security_vulnerability,stage_1_high_level_synthesis,availability,High,High,Low,observed_in_v1,Medium,E36; E48; E45; E46; E47,E36; E37; E48; E45; E46; E47,none_in_v1,"Medium because the path has partial or indirect evidence support, but it does not satisfy all High criteria."
P411,build_or_toolchain_compromise,build_or_toolchain_execution_control,hls_induced_security_vulnerability,stage_2_logic_synthesis,confidentiality,High,High,Low,observed_in_v1,Medium,E36; E48; E45; E46; E47,E36; E37; E48; E45; E46; E47,none_in_v1,"Medium because the path has partial or indirect evidence support, but it does not satisfy all High criteria."
P412,build_or_toolchain_compromise,build_or_toolchain_execution_control,hls_induced_security_vulnerability,stage_2_logic_synthesis,integrity,High,High,Low,observed_in_v1,Medium,E36; E48; E45; E46; E47,E36; E37; E48; E45; E46; E47,none_in_v1,"Medium because the path has partial or indirect evidence support, but it does not satisfy all High criteria."
P413,build_or_toolchain_compromise,build_or_toolchain_execution_control,hls_induced_security_vulnerability,stage_2_logic_synthesis,availability,High,High,Low,observed_in_v1,Medium,E36; E48; E45; E46; E47,E36; E37; E48; E45; E46; E47,none_in_v1,"Medium because the path has partial or indirect evidence support, but it does not satisfy all High criteria."
P414,build_or_toolchain_compromise,build_or_toolchain_execution_control,hls_induced_security_vulnerability,stage_3_post_synthesis_verification,confidentiality,High,High,Low,observed_in_v1,Medium,E36; E48; E45; E46; E47,E36; E37; E48; E45; E46; E47,none_in_v1,"Medium because the path has partial or indirect evidence support, but it does not satisfy all High criteria."
P415,build_or_toolchain_compromise,build_or_toolchain_execution_control,hls_induced_security_vulnerability,stage_3_post_synthesis_verification,integrity,High,High,Low,observed_in_v1,Medium,E36; E48; E45; E46; E47,E36; E37; E48; E45; E46; E47,none_in_v1,"Medium because the path has partial or indirect evidence support, but it does not satisfy all High criteria."
P416,build_or_toolchain_compromise,build_or_toolchain_execution_control,hls_induced_security_vulnerability,stage_3_post_synthesis_verification,availability,High,High,Low,observed_in_v1,Medium,E36; E48; E45; E46; E47,E36; E37; E48; E45; E46; E47,none_in_v1,"Medium because the path has partial or indirect evidence support, but it does not satisfy all High criteria."
P417,build_or_toolchain_compromise,build_or_toolchain_execution_control,access_abuse_or_system_disruption,stage_0_design_specification,integrity,High,High,Medium,not_observed_in_v1,Medium,E36; E48; E45; E46; E47,E36; E37; E48; E45; E46; E47,E10; E49; E50,"Medium because the path has partial or indirect evidence support, but it does not satisfy all High criteria."
P418,build_or_toolchain_compromise,build_or_toolchain_execution_control,access_abuse_or_system_disruption,stage_0_design_specification,availability,High,High,Medium,not_observed_in_v1,Medium,E36; E48; E45; E46; E47,E36; E37; E48; E45; E46; E47,E10; E49; E50,"Medium because the path has partial or indirect evidence support, but it does not satisfy all High criteria."
P419,build_or_toolchain_compromise,build_or_toolchain_execution_control,access_abuse_or_system_disruption,stage_1_high_level_synthesis,integrity,High,High,Medium,observed_in_v1,High,E36; E48; E45; E46; E47,E36; E37; E48; E45; E46; E47,E10; E49; E50,"High because the A_sw category and M_sw capability both have High evidence support, the VLSI-side category has at least Medium support, and the stage is observed in the v1 evidence."
P420,build_or_toolchain_compromise,build_or_toolchain_execution_control,access_abuse_or_system_disruption,stage_1_high_level_synthesis,availability,High,High,Medium,observed_in_v1,High,E36; E48; E45; E46; E47,E36; E37; E48; E45; E46; E47,E10; E49; E50,"High because the A_sw category and M_sw capability both have High evidence support, the VLSI-side category has at least Medium support, and the stage is observed in the v1 evidence."
P421,build_or_toolchain_compromise,build_or_toolchain_execution_control,access_abuse_or_system_disruption,stage_2_logic_synthesis,integrity,High,High,Medium,observed_in_v1,High,E36; E48; E45; E46; E47,E36; E37; E48; E45; E46; E47,E10; E49; E50,"High because the A_sw category and M_sw capability both have High evidence support, the VLSI-side category has at least Medium support, and the stage is observed in the v1 evidence."
P422,build_or_toolchain_compromise,build_or_toolchain_execution_control,access_abuse_or_system_disruption,stage_2_logic_synthesis,availability,High,High,Medium,observed_in_v1,High,E36; E48; E45; E46; E47,E36; E37; E48; E45; E46; E47,E10; E49; E50,"High because the A_sw category and M_sw capability both have High evidence support, the VLSI-side category has at least Medium support, and the stage is observed in the v1 evidence."
P423,build_or_toolchain_compromise,build_or_toolchain_execution_control,access_abuse_or_system_disruption,stage_3_post_synthesis_verification,integrity,High,High,Medium,observed_in_v1,High,E36; E48; E45; E46; E47,E36; E37; E48; E45; E46; E47,E10; E49; E50,"High because the A_sw category and M_sw capability both have High evidence support, the VLSI-side category has at least Medium support, and the stage is observed in the v1 evidence."
P424,build_or_toolchain_compromise,build_or_toolchain_execution_control,access_abuse_or_system_disruption,stage_3_post_synthesis_verification,availability,High,High,Medium,observed_in_v1,High,E36; E48; E45; E46; E47,E36; E37; E48; E45; E46; E47,E10; E49; E50,"High because the A_sw category and M_sw capability both have High evidence support, the VLSI-side category has at least Medium support, and the stage is observed in the v1 evidence."
P425,build_or_toolchain_compromise,build_or_toolchain_execution_control,access_abuse_or_system_disruption,stage_4_design_for_testability,integrity,High,High,Medium,observed_in_v1,High,E36; E48; E45; E46; E47,E36; E37; E48; E45; E46; E47,E10; E49; E50,"High because the A_sw category and M_sw capability both have High evidence support, the VLSI-side category has at least Medium support, and the stage is observed in the v1 evidence."
P426,build_or_toolchain_compromise,build_or_toolchain_execution_control,access_abuse_or_system_disruption,stage_4_design_for_testability,availability,High,High,Medium,observed_in_v1,High,E36; E48; E45; E46; E47,E36; E37; E48; E45; E46; E47,E10; E49; E50,"High because the A_sw category and M_sw capability both have High evidence support, the VLSI-side category has at least Medium support, and the stage is observed in the v1 evidence."
P427,build_or_toolchain_compromise,build_or_toolchain_execution_control,access_abuse_or_system_disruption,stage_5_placement_and_routing,integrity,High,High,Medium,observed_in_v1,High,E36; E48; E45; E46; E47,E36; E37; E48; E45; E46; E47,E10; E49; E50,"High because the A_sw category and M_sw capability both have High evidence support, the VLSI-side category has at least Medium support, and the stage is observed in the v1 evidence."
P428,build_or_toolchain_compromise,build_or_toolchain_execution_control,access_abuse_or_system_disruption,stage_5_placement_and_routing,availability,High,High,Medium,observed_in_v1,High,E36; E48; E45; E46; E47,E36; E37; E48; E45; E46; E47,E10; E49; E50,"High because the A_sw category and M_sw capability both have High evidence support, the VLSI-side category has at least Medium support, and the stage is observed in the v1 evidence."
P429,build_or_toolchain_compromise,build_or_toolchain_execution_control,access_abuse_or_system_disruption,stage_6_static_timing_analysis,integrity,High,High,Medium,observed_in_v1,High,E36; E48; E45; E46; E47,E36; E37; E48; E45; E46; E47,E10; E49; E50,"High because the A_sw category and M_sw capability both have High evidence support, the VLSI-side category has at least Medium support, and the stage is observed in the v1 evidence."
P430,build_or_toolchain_compromise,build_or_toolchain_execution_control,access_abuse_or_system_disruption,stage_6_static_timing_analysis,availability,High,High,Medium,observed_in_v1,High,E36; E48; E45; E46; E47,E36; E37; E48; E45; E46; E47,E10; E49; E50,"High because the A_sw category and M_sw capability both have High evidence support, the VLSI-side category has at least Medium support, and the stage is observed in the v1 evidence."
P431,build_or_toolchain_compromise,build_or_toolchain_execution_control,access_abuse_or_system_disruption,stage_7_physical_verification_and_signoff,integrity,High,High,Medium,observed_in_v1,High,E36; E48; E45; E46; E47,E36; E37; E48; E45; E46; E47,E10; E49; E50,"High because the A_sw category and M_sw capability both have High evidence support, the VLSI-side category has at least Medium support, and the stage is observed in the v1 evidence."
P432,build_or_toolchain_compromise,build_or_toolchain_execution_control,access_abuse_or_system_disruption,stage_7_physical_verification_and_signoff,availability,High,High,Medium,observed_in_v1,High,E36; E48; E45; E46; E47,E36; E37; E48; E45; E46; E47,E10; E49; E50,"High because the A_sw category and M_sw capability both have High evidence support, the VLSI-side category has at least Medium support, and the stage is observed in the v1 evidence."
P433,build_or_toolchain_compromise,build_or_toolchain_execution_control,access_abuse_or_system_disruption,stage_8_post_silicon_validation,integrity,High,High,Medium,not_observed_in_v1,Medium,E36; E48; E45; E46; E47,E36; E37; E48; E45; E46; E47,E10; E49; E50,"Medium because the path has partial or indirect evidence support, but it does not satisfy all High criteria."
P434,build_or_toolchain_compromise,build_or_toolchain_execution_control,access_abuse_or_system_disruption,stage_8_post_silicon_validation,availability,High,High,Medium,not_observed_in_v1,Medium,E36; E48; E45; E46; E47,E36; E37; E48; E45; E46; E47,E10; E49; E50,"Medium because the path has partial or indirect evidence support, but it does not satisfy all High criteria."
P435,build_or_toolchain_compromise,build_or_toolchain_execution_control,access_abuse_or_system_disruption,stage_9_manufacturing_testing,integrity,High,High,Medium,observed_in_v1,High,E36; E48; E45; E46; E47,E36; E37; E48; E45; E46; E47,E10; E49; E50,"High because the A_sw category and M_sw capability both have High evidence support, the VLSI-side category has at least Medium support, and the stage is observed in the v1 evidence."
P436,build_or_toolchain_compromise,build_or_toolchain_execution_control,access_abuse_or_system_disruption,stage_9_manufacturing_testing,availability,High,High,Medium,observed_in_v1,High,E36; E48; E45; E46; E47,E36; E37; E48; E45; E46; E47,E10; E49; E50,"High because the A_sw category and M_sw capability both have High evidence support, the VLSI-side category has at least Medium support, and the stage is observed in the v1 evidence."
P437,distribution_hosting_or_update_compromise,distribution_or_update_path_control,design_tampering_or_malicious_modification,stage_0_design_specification,integrity,Low,Low,Medium,not_observed_in_v1,Low,none_in_v1,none_in_v1,E2; E10; E19,Low because the path is model-possible but weakly supported by the current v1 feasibility evidence.
P438,distribution_hosting_or_update_compromise,distribution_or_update_path_control,design_tampering_or_malicious_modification,stage_0_design_specification,availability,Low,Low,Medium,not_observed_in_v1,Low,none_in_v1,none_in_v1,E2; E10; E19,Low because the path is model-possible but weakly supported by the current v1 feasibility evidence.
P439,distribution_hosting_or_update_compromise,distribution_or_update_path_control,design_tampering_or_malicious_modification,stage_1_high_level_synthesis,integrity,Low,Low,Medium,observed_in_v1,Low,none_in_v1,none_in_v1,E2; E10; E19,Low because the path is model-possible but weakly supported by the current v1 feasibility evidence.
P440,distribution_hosting_or_update_compromise,distribution_or_update_path_control,design_tampering_or_malicious_modification,stage_1_high_level_synthesis,availability,Low,Low,Medium,observed_in_v1,Low,none_in_v1,none_in_v1,E2; E10; E19,Low because the path is model-possible but weakly supported by the current v1 feasibility evidence.
P441,distribution_hosting_or_update_compromise,distribution_or_update_path_control,design_tampering_or_malicious_modification,stage_2_logic_synthesis,integrity,Low,Low,Medium,observed_in_v1,Low,none_in_v1,none_in_v1,E2; E10; E19,Low because the path is model-possible but weakly supported by the current v1 feasibility evidence.
P442,distribution_hosting_or_update_compromise,distribution_or_update_path_control,design_tampering_or_malicious_modification,stage_2_logic_synthesis,availability,Low,Low,Medium,observed_in_v1,Low,none_in_v1,none_in_v1,E2; E10; E19,Low because the path is model-possible but weakly supported by the current v1 feasibility evidence.
P443,distribution_hosting_or_update_compromise,distribution_or_update_path_control,design_tampering_or_malicious_modification,stage_3_post_synthesis_verification,integrity,Low,Low,Medium,observed_in_v1,Low,none_in_v1,none_in_v1,E2; E10; E19,Low because the path is model-possible but weakly supported by the current v1 feasibility evidence.
P444,distribution_hosting_or_update_compromise,distribution_or_update_path_control,design_tampering_or_malicious_modification,stage_3_post_synthesis_verification,availability,Low,Low,Medium,observed_in_v1,Low,none_in_v1,none_in_v1,E2; E10; E19,Low because the path is model-possible but weakly supported by the current v1 feasibility evidence.
P445,distribution_hosting_or_update_compromise,distribution_or_update_path_control,design_tampering_or_malicious_modification,stage_4_design_for_testability,integrity,Low,Low,Medium,observed_in_v1,Low,none_in_v1,none_in_v1,E2; E10; E19,Low because the path is model-possible but weakly supported by the current v1 feasibility evidence.
P446,distribution_hosting_or_update_compromise,distribution_or_update_path_control,design_tampering_or_malicious_modification,stage_4_design_for_testability,availability,Low,Low,Medium,observed_in_v1,Low,none_in_v1,none_in_v1,E2; E10; E19,Low because the path is model-possible but weakly supported by the current v1 feasibility evidence.
P447,distribution_hosting_or_update_compromise,distribution_or_update_path_control,design_tampering_or_malicious_modification,stage_5_placement_and_routing,integrity,Low,Low,Medium,observed_in_v1,Low,none_in_v1,none_in_v1,E2; E10; E19,Low because the path is model-possible but weakly supported by the current v1 feasibility evidence.
P448,distribution_hosting_or_update_compromise,distribution_or_update_path_control,design_tampering_or_malicious_modification,stage_5_placement_and_routing,availability,Low,Low,Medium,observed_in_v1,Low,none_in_v1,none_in_v1,E2; E10; E19,Low because the path is model-possible but weakly supported by the current v1 feasibility evidence.
P449,distribution_hosting_or_update_compromise,distribution_or_update_path_control,design_tampering_or_malicious_modification,stage_6_static_timing_analysis,integrity,Low,Low,Medium,observed_in_v1,Low,none_in_v1,none_in_v1,E2; E10; E19,Low because the path is model-possible but weakly supported by the current v1 feasibility evidence.
P450,distribution_hosting_or_update_compromise,distribution_or_update_path_control,design_tampering_or_malicious_modification,stage_6_static_timing_analysis,availability,Low,Low,Medium,observed_in_v1,Low,none_in_v1,none_in_v1,E2; E10; E19,Low because the path is model-possible but weakly supported by the current v1 feasibility evidence.
P451,distribution_hosting_or_update_compromise,distribution_or_update_path_control,design_tampering_or_malicious_modification,stage_7_physical_verification_and_signoff,integrity,Low,Low,Medium,observed_in_v1,Low,none_in_v1,none_in_v1,E2; E10; E19,Low because the path is model-possible but weakly supported by the current v1 feasibility evidence.
P452,distribution_hosting_or_update_compromise,distribution_or_update_path_control,design_tampering_or_malicious_modification,stage_7_physical_verification_and_signoff,availability,Low,Low,Medium,observed_in_v1,Low,none_in_v1,none_in_v1,E2; E10; E19,Low because the path is model-possible but weakly supported by the current v1 feasibility evidence.
P453,distribution_hosting_or_update_compromise,distribution_or_update_path_control,hardware_trojan_backdoor_or_logic_bomb,stage_1_high_level_synthesis,confidentiality,Low,Low,Low,observed_in_v1,Low,none_in_v1,none_in_v1,E2,Low because the path is model-possible but weakly supported by the current v1 feasibility evidence.
P454,distribution_hosting_or_update_compromise,distribution_or_update_path_control,hardware_trojan_backdoor_or_logic_bomb,stage_1_high_level_synthesis,integrity,Low,Low,Low,observed_in_v1,Low,none_in_v1,none_in_v1,E2,Low because the path is model-possible but weakly supported by the current v1 feasibility evidence.
P455,distribution_hosting_or_update_compromise,distribution_or_update_path_control,hardware_trojan_backdoor_or_logic_bomb,stage_1_high_level_synthesis,availability,Low,Low,Low,observed_in_v1,Low,none_in_v1,none_in_v1,E2,Low because the path is model-possible but weakly supported by the current v1 feasibility evidence.
P456,distribution_hosting_or_update_compromise,distribution_or_update_path_control,hardware_trojan_backdoor_or_logic_bomb,stage_2_logic_synthesis,confidentiality,Low,Low,Low,observed_in_v1,Low,none_in_v1,none_in_v1,E2,Low because the path is model-possible but weakly supported by the current v1 feasibility evidence.
P457,distribution_hosting_or_update_compromise,distribution_or_update_path_control,hardware_trojan_backdoor_or_logic_bomb,stage_2_logic_synthesis,integrity,Low,Low,Low,observed_in_v1,Low,none_in_v1,none_in_v1,E2,Low because the path is model-possible but weakly supported by the current v1 feasibility evidence.
P458,distribution_hosting_or_update_compromise,distribution_or_update_path_control,hardware_trojan_backdoor_or_logic_bomb,stage_2_logic_synthesis,availability,Low,Low,Low,observed_in_v1,Low,none_in_v1,none_in_v1,E2,Low because the path is model-possible but weakly supported by the current v1 feasibility evidence.
P459,distribution_hosting_or_update_compromise,distribution_or_update_path_control,hardware_trojan_backdoor_or_logic_bomb,stage_3_post_synthesis_verification,confidentiality,Low,Low,Low,observed_in_v1,Low,none_in_v1,none_in_v1,E2,Low because the path is model-possible but weakly supported by the current v1 feasibility evidence.
P460,distribution_hosting_or_update_compromise,distribution_or_update_path_control,hardware_trojan_backdoor_or_logic_bomb,stage_3_post_synthesis_verification,integrity,Low,Low,Low,observed_in_v1,Low,none_in_v1,none_in_v1,E2,Low because the path is model-possible but weakly supported by the current v1 feasibility evidence.
P461,distribution_hosting_or_update_compromise,distribution_or_update_path_control,hardware_trojan_backdoor_or_logic_bomb,stage_3_post_synthesis_verification,availability,Low,Low,Low,observed_in_v1,Low,none_in_v1,none_in_v1,E2,Low because the path is model-possible but weakly supported by the current v1 feasibility evidence.
P462,distribution_hosting_or_update_compromise,distribution_or_update_path_control,hardware_trojan_backdoor_or_logic_bomb,stage_4_design_for_testability,confidentiality,Low,Low,Low,observed_in_v1,Low,none_in_v1,none_in_v1,E2,Low because the path is model-possible but weakly supported by the current v1 feasibility evidence.
P463,distribution_hosting_or_update_compromise,distribution_or_update_path_control,hardware_trojan_backdoor_or_logic_bomb,stage_4_design_for_testability,integrity,Low,Low,Low,observed_in_v1,Low,none_in_v1,none_in_v1,E2,Low because the path is model-possible but weakly supported by the current v1 feasibility evidence.
P464,distribution_hosting_or_update_compromise,distribution_or_update_path_control,hardware_trojan_backdoor_or_logic_bomb,stage_4_design_for_testability,availability,Low,Low,Low,observed_in_v1,Low,none_in_v1,none_in_v1,E2,Low because the path is model-possible but weakly supported by the current v1 feasibility evidence.
P465,distribution_hosting_or_update_compromise,distribution_or_update_path_control,hardware_trojan_backdoor_or_logic_bomb,stage_5_placement_and_routing,confidentiality,Low,Low,Low,observed_in_v1,Low,none_in_v1,none_in_v1,E2,Low because the path is model-possible but weakly supported by the current v1 feasibility evidence.
P466,distribution_hosting_or_update_compromise,distribution_or_update_path_control,hardware_trojan_backdoor_or_logic_bomb,stage_5_placement_and_routing,integrity,Low,Low,Low,observed_in_v1,Low,none_in_v1,none_in_v1,E2,Low because the path is model-possible but weakly supported by the current v1 feasibility evidence.
P467,distribution_hosting_or_update_compromise,distribution_or_update_path_control,hardware_trojan_backdoor_or_logic_bomb,stage_5_placement_and_routing,availability,Low,Low,Low,observed_in_v1,Low,none_in_v1,none_in_v1,E2,Low because the path is model-possible but weakly supported by the current v1 feasibility evidence.
P468,distribution_hosting_or_update_compromise,distribution_or_update_path_control,hardware_trojan_backdoor_or_logic_bomb,stage_6_static_timing_analysis,confidentiality,Low,Low,Low,observed_in_v1,Low,none_in_v1,none_in_v1,E2,Low because the path is model-possible but weakly supported by the current v1 feasibility evidence.
P469,distribution_hosting_or_update_compromise,distribution_or_update_path_control,hardware_trojan_backdoor_or_logic_bomb,stage_6_static_timing_analysis,integrity,Low,Low,Low,observed_in_v1,Low,none_in_v1,none_in_v1,E2,Low because the path is model-possible but weakly supported by the current v1 feasibility evidence.
P470,distribution_hosting_or_update_compromise,distribution_or_update_path_control,hardware_trojan_backdoor_or_logic_bomb,stage_6_static_timing_analysis,availability,Low,Low,Low,observed_in_v1,Low,none_in_v1,none_in_v1,E2,Low because the path is model-possible but weakly supported by the current v1 feasibility evidence.
P471,distribution_hosting_or_update_compromise,distribution_or_update_path_control,hardware_trojan_backdoor_or_logic_bomb,stage_7_physical_verification_and_signoff,confidentiality,Low,Low,Low,observed_in_v1,Low,none_in_v1,none_in_v1,E2,Low because the path is model-possible but weakly supported by the current v1 feasibility evidence.
P472,distribution_hosting_or_update_compromise,distribution_or_update_path_control,hardware_trojan_backdoor_or_logic_bomb,stage_7_physical_verification_and_signoff,integrity,Low,Low,Low,observed_in_v1,Low,none_in_v1,none_in_v1,E2,Low because the path is model-possible but weakly supported by the current v1 feasibility evidence.
P473,distribution_hosting_or_update_compromise,distribution_or_update_path_control,hardware_trojan_backdoor_or_logic_bomb,stage_7_physical_verification_and_signoff,availability,Low,Low,Low,observed_in_v1,Low,none_in_v1,none_in_v1,E2,Low because the path is model-possible but weakly supported by the current v1 feasibility evidence.
P474,distribution_hosting_or_update_compromise,distribution_or_update_path_control,hardware_trojan_backdoor_or_logic_bomb,stage_8_post_silicon_validation,confidentiality,Low,Low,Low,not_observed_in_v1,Low,none_in_v1,none_in_v1,E2,Low because the path is model-possible but weakly supported by the current v1 feasibility evidence.
P475,distribution_hosting_or_update_compromise,distribution_or_update_path_control,hardware_trojan_backdoor_or_logic_bomb,stage_8_post_silicon_validation,integrity,Low,Low,Low,not_observed_in_v1,Low,none_in_v1,none_in_v1,E2,Low because the path is model-possible but weakly supported by the current v1 feasibility evidence.
P476,distribution_hosting_or_update_compromise,distribution_or_update_path_control,hardware_trojan_backdoor_or_logic_bomb,stage_8_post_silicon_validation,availability,Low,Low,Low,not_observed_in_v1,Low,none_in_v1,none_in_v1,E2,Low because the path is model-possible but weakly supported by the current v1 feasibility evidence.
P477,distribution_hosting_or_update_compromise,distribution_or_update_path_control,hardware_trojan_backdoor_or_logic_bomb,stage_9_manufacturing_testing,confidentiality,Low,Low,Low,observed_in_v1,Low,none_in_v1,none_in_v1,E2,Low because the path is model-possible but weakly supported by the current v1 feasibility evidence.
P478,distribution_hosting_or_update_compromise,distribution_or_update_path_control,hardware_trojan_backdoor_or_logic_bomb,stage_9_manufacturing_testing,integrity,Low,Low,Low,observed_in_v1,Low,none_in_v1,none_in_v1,E2,Low because the path is model-possible but weakly supported by the current v1 feasibility evidence.
P479,distribution_hosting_or_update_compromise,distribution_or_update_path_control,hardware_trojan_backdoor_or_logic_bomb,stage_9_manufacturing_testing,availability,Low,Low,Low,observed_in_v1,Low,none_in_v1,none_in_v1,E2,Low because the path is model-possible but weakly supported by the current v1 feasibility evidence.
P480,distribution_hosting_or_update_compromise,distribution_or_update_path_control,information_leakage_or_asset_exposure,stage_0_design_specification,confidentiality,Low,Low,Low,not_observed_in_v1,Low,none_in_v1,none_in_v1,none_in_v1,Low because the path is model-possible but weakly supported by the current v1 feasibility evidence.
P481,distribution_hosting_or_update_compromise,distribution_or_update_path_control,information_leakage_or_asset_exposure,stage_1_high_level_synthesis,confidentiality,Low,Low,Low,observed_in_v1,Low,none_in_v1,none_in_v1,none_in_v1,Low because the path is model-possible but weakly supported by the current v1 feasibility evidence.
P482,distribution_hosting_or_update_compromise,distribution_or_update_path_control,information_leakage_or_asset_exposure,stage_2_logic_synthesis,confidentiality,Low,Low,Low,observed_in_v1,Low,none_in_v1,none_in_v1,none_in_v1,Low because the path is model-possible but weakly supported by the current v1 feasibility evidence.
P483,distribution_hosting_or_update_compromise,distribution_or_update_path_control,information_leakage_or_asset_exposure,stage_3_post_synthesis_verification,confidentiality,Low,Low,Low,observed_in_v1,Low,none_in_v1,none_in_v1,none_in_v1,Low because the path is model-possible but weakly supported by the current v1 feasibility evidence.
P484,distribution_hosting_or_update_compromise,distribution_or_update_path_control,information_leakage_or_asset_exposure,stage_4_design_for_testability,confidentiality,Low,Low,Low,observed_in_v1,Low,none_in_v1,none_in_v1,none_in_v1,Low because the path is model-possible but weakly supported by the current v1 feasibility evidence.
P485,distribution_hosting_or_update_compromise,distribution_or_update_path_control,information_leakage_or_asset_exposure,stage_5_placement_and_routing,confidentiality,Low,Low,Low,observed_in_v1,Low,none_in_v1,none_in_v1,none_in_v1,Low because the path is model-possible but weakly supported by the current v1 feasibility evidence.
P486,distribution_hosting_or_update_compromise,distribution_or_update_path_control,information_leakage_or_asset_exposure,stage_6_static_timing_analysis,confidentiality,Low,Low,Low,observed_in_v1,Low,none_in_v1,none_in_v1,none_in_v1,Low because the path is model-possible but weakly supported by the current v1 feasibility evidence.
P487,distribution_hosting_or_update_compromise,distribution_or_update_path_control,information_leakage_or_asset_exposure,stage_7_physical_verification_and_signoff,confidentiality,Low,Low,Low,observed_in_v1,Low,none_in_v1,none_in_v1,none_in_v1,Low because the path is model-possible but weakly supported by the current v1 feasibility evidence.
P488,distribution_hosting_or_update_compromise,distribution_or_update_path_control,information_leakage_or_asset_exposure,stage_8_post_silicon_validation,confidentiality,Low,Low,Low,not_observed_in_v1,Low,none_in_v1,none_in_v1,none_in_v1,Low because the path is model-possible but weakly supported by the current v1 feasibility evidence.
P489,distribution_hosting_or_update_compromise,distribution_or_update_path_control,information_leakage_or_asset_exposure,stage_9_manufacturing_testing,confidentiality,Low,Low,Low,observed_in_v1,Low,none_in_v1,none_in_v1,none_in_v1,Low because the path is model-possible but weakly supported by the current v1 feasibility evidence.
P490,distribution_hosting_or_update_compromise,distribution_or_update_path_control,hls_induced_security_vulnerability,stage_1_high_level_synthesis,confidentiality,Low,Low,Low,observed_in_v1,Low,none_in_v1,none_in_v1,none_in_v1,Low because the path is model-possible but weakly supported by the current v1 feasibility evidence.
P491,distribution_hosting_or_update_compromise,distribution_or_update_path_control,hls_induced_security_vulnerability,stage_1_high_level_synthesis,integrity,Low,Low,Low,observed_in_v1,Low,none_in_v1,none_in_v1,none_in_v1,Low because the path is model-possible but weakly supported by the current v1 feasibility evidence.
P492,distribution_hosting_or_update_compromise,distribution_or_update_path_control,hls_induced_security_vulnerability,stage_1_high_level_synthesis,availability,Low,Low,Low,observed_in_v1,Low,none_in_v1,none_in_v1,none_in_v1,Low because the path is model-possible but weakly supported by the current v1 feasibility evidence.
P493,distribution_hosting_or_update_compromise,distribution_or_update_path_control,hls_induced_security_vulnerability,stage_2_logic_synthesis,confidentiality,Low,Low,Low,observed_in_v1,Low,none_in_v1,none_in_v1,none_in_v1,Low because the path is model-possible but weakly supported by the current v1 feasibility evidence.
P494,distribution_hosting_or_update_compromise,distribution_or_update_path_control,hls_induced_security_vulnerability,stage_2_logic_synthesis,integrity,Low,Low,Low,observed_in_v1,Low,none_in_v1,none_in_v1,none_in_v1,Low because the path is model-possible but weakly supported by the current v1 feasibility evidence.
P495,distribution_hosting_or_update_compromise,distribution_or_update_path_control,hls_induced_security_vulnerability,stage_2_logic_synthesis,availability,Low,Low,Low,observed_in_v1,Low,none_in_v1,none_in_v1,none_in_v1,Low because the path is model-possible but weakly supported by the current v1 feasibility evidence.
P496,distribution_hosting_or_update_compromise,distribution_or_update_path_control,hls_induced_security_vulnerability,stage_3_post_synthesis_verification,confidentiality,Low,Low,Low,observed_in_v1,Low,none_in_v1,none_in_v1,none_in_v1,Low because the path is model-possible but weakly supported by the current v1 feasibility evidence.
P497,distribution_hosting_or_update_compromise,distribution_or_update_path_control,hls_induced_security_vulnerability,stage_3_post_synthesis_verification,integrity,Low,Low,Low,observed_in_v1,Low,none_in_v1,none_in_v1,none_in_v1,Low because the path is model-possible but weakly supported by the current v1 feasibility evidence.
P498,distribution_hosting_or_update_compromise,distribution_or_update_path_control,hls_induced_security_vulnerability,stage_3_post_synthesis_verification,availability,Low,Low,Low,observed_in_v1,Low,none_in_v1,none_in_v1,none_in_v1,Low because the path is model-possible but weakly supported by the current v1 feasibility evidence.
P499,distribution_hosting_or_update_compromise,distribution_or_update_path_control,access_abuse_or_system_disruption,stage_0_design_specification,integrity,Low,Low,Medium,not_observed_in_v1,Low,none_in_v1,none_in_v1,E10; E49; E50,Low because the path is model-possible but weakly supported by the current v1 feasibility evidence.
P500,distribution_hosting_or_update_compromise,distribution_or_update_path_control,access_abuse_or_system_disruption,stage_0_design_specification,availability,Low,Low,Medium,not_observed_in_v1,Low,none_in_v1,none_in_v1,E10; E49; E50,Low because the path is model-possible but weakly supported by the current v1 feasibility evidence.
P501,distribution_hosting_or_update_compromise,distribution_or_update_path_control,access_abuse_or_system_disruption,stage_1_high_level_synthesis,integrity,Low,Low,Medium,observed_in_v1,Low,none_in_v1,none_in_v1,E10; E49; E50,Low because the path is model-possible but weakly supported by the current v1 feasibility evidence.
P502,distribution_hosting_or_update_compromise,distribution_or_update_path_control,access_abuse_or_system_disruption,stage_1_high_level_synthesis,availability,Low,Low,Medium,observed_in_v1,Low,none_in_v1,none_in_v1,E10; E49; E50,Low because the path is model-possible but weakly supported by the current v1 feasibility evidence.
P503,distribution_hosting_or_update_compromise,distribution_or_update_path_control,access_abuse_or_system_disruption,stage_2_logic_synthesis,integrity,Low,Low,Medium,observed_in_v1,Low,none_in_v1,none_in_v1,E10; E49; E50,Low because the path is model-possible but weakly supported by the current v1 feasibility evidence.
P504,distribution_hosting_or_update_compromise,distribution_or_update_path_control,access_abuse_or_system_disruption,stage_2_logic_synthesis,availability,Low,Low,Medium,observed_in_v1,Low,none_in_v1,none_in_v1,E10; E49; E50,Low because the path is model-possible but weakly supported by the current v1 feasibility evidence.
P505,distribution_hosting_or_update_compromise,distribution_or_update_path_control,access_abuse_or_system_disruption,stage_3_post_synthesis_verification,integrity,Low,Low,Medium,observed_in_v1,Low,none_in_v1,none_in_v1,E10; E49; E50,Low because the path is model-possible but weakly supported by the current v1 feasibility evidence.
P506,distribution_hosting_or_update_compromise,distribution_or_update_path_control,access_abuse_or_system_disruption,stage_3_post_synthesis_verification,availability,Low,Low,Medium,observed_in_v1,Low,none_in_v1,none_in_v1,E10; E49; E50,Low because the path is model-possible but weakly supported by the current v1 feasibility evidence.
P507,distribution_hosting_or_update_compromise,distribution_or_update_path_control,access_abuse_or_system_disruption,stage_4_design_for_testability,integrity,Low,Low,Medium,observed_in_v1,Low,none_in_v1,none_in_v1,E10; E49; E50,Low because the path is model-possible but weakly supported by the current v1 feasibility evidence.
P508,distribution_hosting_or_update_compromise,distribution_or_update_path_control,access_abuse_or_system_disruption,stage_4_design_for_testability,availability,Low,Low,Medium,observed_in_v1,Low,none_in_v1,none_in_v1,E10; E49; E50,Low because the path is model-possible but weakly supported by the current v1 feasibility evidence.
P509,distribution_hosting_or_update_compromise,distribution_or_update_path_control,access_abuse_or_system_disruption,stage_5_placement_and_routing,integrity,Low,Low,Medium,observed_in_v1,Low,none_in_v1,none_in_v1,E10; E49; E50,Low because the path is model-possible but weakly supported by the current v1 feasibility evidence.
P510,distribution_hosting_or_update_compromise,distribution_or_update_path_control,access_abuse_or_system_disruption,stage_5_placement_and_routing,availability,Low,Low,Medium,observed_in_v1,Low,none_in_v1,none_in_v1,E10; E49; E50,Low because the path is model-possible but weakly supported by the current v1 feasibility evidence.
P511,distribution_hosting_or_update_compromise,distribution_or_update_path_control,access_abuse_or_system_disruption,stage_6_static_timing_analysis,integrity,Low,Low,Medium,observed_in_v1,Low,none_in_v1,none_in_v1,E10; E49; E50,Low because the path is model-possible but weakly supported by the current v1 feasibility evidence.
P512,distribution_hosting_or_update_compromise,distribution_or_update_path_control,access_abuse_or_system_disruption,stage_6_static_timing_analysis,availability,Low,Low,Medium,observed_in_v1,Low,none_in_v1,none_in_v1,E10; E49; E50,Low because the path is model-possible but weakly supported by the current v1 feasibility evidence.
P513,distribution_hosting_or_update_compromise,distribution_or_update_path_control,access_abuse_or_system_disruption,stage_7_physical_verification_and_signoff,integrity,Low,Low,Medium,observed_in_v1,Low,none_in_v1,none_in_v1,E10; E49; E50,Low because the path is model-possible but weakly supported by the current v1 feasibility evidence.
P514,distribution_hosting_or_update_compromise,distribution_or_update_path_control,access_abuse_or_system_disruption,stage_7_physical_verification_and_signoff,availability,Low,Low,Medium,observed_in_v1,Low,none_in_v1,none_in_v1,E10; E49; E50,Low because the path is model-possible but weakly supported by the current v1 feasibility evidence.
P515,distribution_hosting_or_update_compromise,distribution_or_update_path_control,access_abuse_or_system_disruption,stage_8_post_silicon_validation,integrity,Low,Low,Medium,not_observed_in_v1,Low,none_in_v1,none_in_v1,E10; E49; E50,Low because the path is model-possible but weakly supported by the current v1 feasibility evidence.
P516,distribution_hosting_or_update_compromise,distribution_or_update_path_control,access_abuse_or_system_disruption,stage_8_post_silicon_validation,availability,Low,Low,Medium,not_observed_in_v1,Low,none_in_v1,none_in_v1,E10; E49; E50,Low because the path is model-possible but weakly supported by the current v1 feasibility evidence.
P517,distribution_hosting_or_update_compromise,distribution_or_update_path_control,access_abuse_or_system_disruption,stage_9_manufacturing_testing,integrity,Low,Low,Medium,observed_in_v1,Low,none_in_v1,none_in_v1,E10; E49; E50,Low because the path is model-possible but weakly supported by the current v1 feasibility evidence.
P518,distribution_hosting_or_update_compromise,distribution_or_update_path_control,access_abuse_or_system_disruption,stage_9_manufacturing_testing,availability,Low,Low,Medium,observed_in_v1,Low,none_in_v1,none_in_v1,E10; E49; E50,Low because the path is model-possible but weakly supported by the current v1 feasibility evidence.
P519,signing_or_verification_compromise,signing_or_verification_control,design_tampering_or_malicious_modification,stage_0_design_specification,integrity,Low,Low,Medium,not_observed_in_v1,Low,none_in_v1,none_in_v1,E2; E10; E19,Low because the path is model-possible but weakly supported by the current v1 feasibility evidence.
P520,signing_or_verification_compromise,signing_or_verification_control,design_tampering_or_malicious_modification,stage_0_design_specification,availability,Low,Low,Medium,not_observed_in_v1,Low,none_in_v1,none_in_v1,E2; E10; E19,Low because the path is model-possible but weakly supported by the current v1 feasibility evidence.
P521,signing_or_verification_compromise,signing_or_verification_control,design_tampering_or_malicious_modification,stage_1_high_level_synthesis,integrity,Low,Low,Medium,observed_in_v1,Low,none_in_v1,none_in_v1,E2; E10; E19,Low because the path is model-possible but weakly supported by the current v1 feasibility evidence.
P522,signing_or_verification_compromise,signing_or_verification_control,design_tampering_or_malicious_modification,stage_1_high_level_synthesis,availability,Low,Low,Medium,observed_in_v1,Low,none_in_v1,none_in_v1,E2; E10; E19,Low because the path is model-possible but weakly supported by the current v1 feasibility evidence.
P523,signing_or_verification_compromise,signing_or_verification_control,design_tampering_or_malicious_modification,stage_2_logic_synthesis,integrity,Low,Low,Medium,observed_in_v1,Low,none_in_v1,none_in_v1,E2; E10; E19,Low because the path is model-possible but weakly supported by the current v1 feasibility evidence.
P524,signing_or_verification_compromise,signing_or_verification_control,design_tampering_or_malicious_modification,stage_2_logic_synthesis,availability,Low,Low,Medium,observed_in_v1,Low,none_in_v1,none_in_v1,E2; E10; E19,Low because the path is model-possible but weakly supported by the current v1 feasibility evidence.
P525,signing_or_verification_compromise,signing_or_verification_control,design_tampering_or_malicious_modification,stage_3_post_synthesis_verification,integrity,Low,Low,Medium,observed_in_v1,Low,none_in_v1,none_in_v1,E2; E10; E19,Low because the path is model-possible but weakly supported by the current v1 feasibility evidence.
P526,signing_or_verification_compromise,signing_or_verification_control,design_tampering_or_malicious_modification,stage_3_post_synthesis_verification,availability,Low,Low,Medium,observed_in_v1,Low,none_in_v1,none_in_v1,E2; E10; E19,Low because the path is model-possible but weakly supported by the current v1 feasibility evidence.
P527,signing_or_verification_compromise,signing_or_verification_control,design_tampering_or_malicious_modification,stage_4_design_for_testability,integrity,Low,Low,Medium,observed_in_v1,Low,none_in_v1,none_in_v1,E2; E10; E19,Low because the path is model-possible but weakly supported by the current v1 feasibility evidence.
P528,signing_or_verification_compromise,signing_or_verification_control,design_tampering_or_malicious_modification,stage_4_design_for_testability,availability,Low,Low,Medium,observed_in_v1,Low,none_in_v1,none_in_v1,E2; E10; E19,Low because the path is model-possible but weakly supported by the current v1 feasibility evidence.
P529,signing_or_verification_compromise,signing_or_verification_control,design_tampering_or_malicious_modification,stage_5_placement_and_routing,integrity,Low,Low,Medium,observed_in_v1,Low,none_in_v1,none_in_v1,E2; E10; E19,Low because the path is model-possible but weakly supported by the current v1 feasibility evidence.
P530,signing_or_verification_compromise,signing_or_verification_control,design_tampering_or_malicious_modification,stage_5_placement_and_routing,availability,Low,Low,Medium,observed_in_v1,Low,none_in_v1,none_in_v1,E2; E10; E19,Low because the path is model-possible but weakly supported by the current v1 feasibility evidence.
P531,signing_or_verification_compromise,signing_or_verification_control,design_tampering_or_malicious_modification,stage_6_static_timing_analysis,integrity,Low,Low,Medium,observed_in_v1,Low,none_in_v1,none_in_v1,E2; E10; E19,Low because the path is model-possible but weakly supported by the current v1 feasibility evidence.
P532,signing_or_verification_compromise,signing_or_verification_control,design_tampering_or_malicious_modification,stage_6_static_timing_analysis,availability,Low,Low,Medium,observed_in_v1,Low,none_in_v1,none_in_v1,E2; E10; E19,Low because the path is model-possible but weakly supported by the current v1 feasibility evidence.
P533,signing_or_verification_compromise,signing_or_verification_control,design_tampering_or_malicious_modification,stage_7_physical_verification_and_signoff,integrity,Low,Low,Medium,observed_in_v1,Low,none_in_v1,none_in_v1,E2; E10; E19,Low because the path is model-possible but weakly supported by the current v1 feasibility evidence.
P534,signing_or_verification_compromise,signing_or_verification_control,design_tampering_or_malicious_modification,stage_7_physical_verification_and_signoff,availability,Low,Low,Medium,observed_in_v1,Low,none_in_v1,none_in_v1,E2; E10; E19,Low because the path is model-possible but weakly supported by the current v1 feasibility evidence.
P535,signing_or_verification_compromise,signing_or_verification_control,hardware_trojan_backdoor_or_logic_bomb,stage_1_high_level_synthesis,confidentiality,Low,Low,Low,observed_in_v1,Low,none_in_v1,none_in_v1,E2,Low because the path is model-possible but weakly supported by the current v1 feasibility evidence.
P536,signing_or_verification_compromise,signing_or_verification_control,hardware_trojan_backdoor_or_logic_bomb,stage_1_high_level_synthesis,integrity,Low,Low,Low,observed_in_v1,Low,none_in_v1,none_in_v1,E2,Low because the path is model-possible but weakly supported by the current v1 feasibility evidence.
P537,signing_or_verification_compromise,signing_or_verification_control,hardware_trojan_backdoor_or_logic_bomb,stage_1_high_level_synthesis,availability,Low,Low,Low,observed_in_v1,Low,none_in_v1,none_in_v1,E2,Low because the path is model-possible but weakly supported by the current v1 feasibility evidence.
P538,signing_or_verification_compromise,signing_or_verification_control,hardware_trojan_backdoor_or_logic_bomb,stage_2_logic_synthesis,confidentiality,Low,Low,Low,observed_in_v1,Low,none_in_v1,none_in_v1,E2,Low because the path is model-possible but weakly supported by the current v1 feasibility evidence.
P539,signing_or_verification_compromise,signing_or_verification_control,hardware_trojan_backdoor_or_logic_bomb,stage_2_logic_synthesis,integrity,Low,Low,Low,observed_in_v1,Low,none_in_v1,none_in_v1,E2,Low because the path is model-possible but weakly supported by the current v1 feasibility evidence.
P540,signing_or_verification_compromise,signing_or_verification_control,hardware_trojan_backdoor_or_logic_bomb,stage_2_logic_synthesis,availability,Low,Low,Low,observed_in_v1,Low,none_in_v1,none_in_v1,E2,Low because the path is model-possible but weakly supported by the current v1 feasibility evidence.
P541,signing_or_verification_compromise,signing_or_verification_control,hardware_trojan_backdoor_or_logic_bomb,stage_3_post_synthesis_verification,confidentiality,Low,Low,Low,observed_in_v1,Low,none_in_v1,none_in_v1,E2,Low because the path is model-possible but weakly supported by the current v1 feasibility evidence.
P542,signing_or_verification_compromise,signing_or_verification_control,hardware_trojan_backdoor_or_logic_bomb,stage_3_post_synthesis_verification,integrity,Low,Low,Low,observed_in_v1,Low,none_in_v1,none_in_v1,E2,Low because the path is model-possible but weakly supported by the current v1 feasibility evidence.
P543,signing_or_verification_compromise,signing_or_verification_control,hardware_trojan_backdoor_or_logic_bomb,stage_3_post_synthesis_verification,availability,Low,Low,Low,observed_in_v1,Low,none_in_v1,none_in_v1,E2,Low because the path is model-possible but weakly supported by the current v1 feasibility evidence.
P544,signing_or_verification_compromise,signing_or_verification_control,hardware_trojan_backdoor_or_logic_bomb,stage_4_design_for_testability,confidentiality,Low,Low,Low,observed_in_v1,Low,none_in_v1,none_in_v1,E2,Low because the path is model-possible but weakly supported by the current v1 feasibility evidence.
P545,signing_or_verification_compromise,signing_or_verification_control,hardware_trojan_backdoor_or_logic_bomb,stage_4_design_for_testability,integrity,Low,Low,Low,observed_in_v1,Low,none_in_v1,none_in_v1,E2,Low because the path is model-possible but weakly supported by the current v1 feasibility evidence.
P546,signing_or_verification_compromise,signing_or_verification_control,hardware_trojan_backdoor_or_logic_bomb,stage_4_design_for_testability,availability,Low,Low,Low,observed_in_v1,Low,none_in_v1,none_in_v1,E2,Low because the path is model-possible but weakly supported by the current v1 feasibility evidence.
P547,signing_or_verification_compromise,signing_or_verification_control,hardware_trojan_backdoor_or_logic_bomb,stage_5_placement_and_routing,confidentiality,Low,Low,Low,observed_in_v1,Low,none_in_v1,none_in_v1,E2,Low because the path is model-possible but weakly supported by the current v1 feasibility evidence.
P548,signing_or_verification_compromise,signing_or_verification_control,hardware_trojan_backdoor_or_logic_bomb,stage_5_placement_and_routing,integrity,Low,Low,Low,observed_in_v1,Low,none_in_v1,none_in_v1,E2,Low because the path is model-possible but weakly supported by the current v1 feasibility evidence.
P549,signing_or_verification_compromise,signing_or_verification_control,hardware_trojan_backdoor_or_logic_bomb,stage_5_placement_and_routing,availability,Low,Low,Low,observed_in_v1,Low,none_in_v1,none_in_v1,E2,Low because the path is model-possible but weakly supported by the current v1 feasibility evidence.
P550,signing_or_verification_compromise,signing_or_verification_control,hardware_trojan_backdoor_or_logic_bomb,stage_6_static_timing_analysis,confidentiality,Low,Low,Low,observed_in_v1,Low,none_in_v1,none_in_v1,E2,Low because the path is model-possible but weakly supported by the current v1 feasibility evidence.
P551,signing_or_verification_compromise,signing_or_verification_control,hardware_trojan_backdoor_or_logic_bomb,stage_6_static_timing_analysis,integrity,Low,Low,Low,observed_in_v1,Low,none_in_v1,none_in_v1,E2,Low because the path is model-possible but weakly supported by the current v1 feasibility evidence.
P552,signing_or_verification_compromise,signing_or_verification_control,hardware_trojan_backdoor_or_logic_bomb,stage_6_static_timing_analysis,availability,Low,Low,Low,observed_in_v1,Low,none_in_v1,none_in_v1,E2,Low because the path is model-possible but weakly supported by the current v1 feasibility evidence.
P553,signing_or_verification_compromise,signing_or_verification_control,hardware_trojan_backdoor_or_logic_bomb,stage_7_physical_verification_and_signoff,confidentiality,Low,Low,Low,observed_in_v1,Low,none_in_v1,none_in_v1,E2,Low because the path is model-possible but weakly supported by the current v1 feasibility evidence.
P554,signing_or_verification_compromise,signing_or_verification_control,hardware_trojan_backdoor_or_logic_bomb,stage_7_physical_verification_and_signoff,integrity,Low,Low,Low,observed_in_v1,Low,none_in_v1,none_in_v1,E2,Low because the path is model-possible but weakly supported by the current v1 feasibility evidence.
P555,signing_or_verification_compromise,signing_or_verification_control,hardware_trojan_backdoor_or_logic_bomb,stage_7_physical_verification_and_signoff,availability,Low,Low,Low,observed_in_v1,Low,none_in_v1,none_in_v1,E2,Low because the path is model-possible but weakly supported by the current v1 feasibility evidence.
P556,signing_or_verification_compromise,signing_or_verification_control,hardware_trojan_backdoor_or_logic_bomb,stage_8_post_silicon_validation,confidentiality,Low,Low,Low,not_observed_in_v1,Low,none_in_v1,none_in_v1,E2,Low because the path is model-possible but weakly supported by the current v1 feasibility evidence.
P557,signing_or_verification_compromise,signing_or_verification_control,hardware_trojan_backdoor_or_logic_bomb,stage_8_post_silicon_validation,integrity,Low,Low,Low,not_observed_in_v1,Low,none_in_v1,none_in_v1,E2,Low because the path is model-possible but weakly supported by the current v1 feasibility evidence.
P558,signing_or_verification_compromise,signing_or_verification_control,hardware_trojan_backdoor_or_logic_bomb,stage_8_post_silicon_validation,availability,Low,Low,Low,not_observed_in_v1,Low,none_in_v1,none_in_v1,E2,Low because the path is model-possible but weakly supported by the current v1 feasibility evidence.
P559,signing_or_verification_compromise,signing_or_verification_control,hardware_trojan_backdoor_or_logic_bomb,stage_9_manufacturing_testing,confidentiality,Low,Low,Low,observed_in_v1,Low,none_in_v1,none_in_v1,E2,Low because the path is model-possible but weakly supported by the current v1 feasibility evidence.
P560,signing_or_verification_compromise,signing_or_verification_control,hardware_trojan_backdoor_or_logic_bomb,stage_9_manufacturing_testing,integrity,Low,Low,Low,observed_in_v1,Low,none_in_v1,none_in_v1,E2,Low because the path is model-possible but weakly supported by the current v1 feasibility evidence.
P561,signing_or_verification_compromise,signing_or_verification_control,hardware_trojan_backdoor_or_logic_bomb,stage_9_manufacturing_testing,availability,Low,Low,Low,observed_in_v1,Low,none_in_v1,none_in_v1,E2,Low because the path is model-possible but weakly supported by the current v1 feasibility evidence.
P562,signing_or_verification_compromise,signing_or_verification_control,information_leakage_or_asset_exposure,stage_0_design_specification,confidentiality,Low,Low,Low,not_observed_in_v1,Low,none_in_v1,none_in_v1,none_in_v1,Low because the path is model-possible but weakly supported by the current v1 feasibility evidence.
P563,signing_or_verification_compromise,signing_or_verification_control,information_leakage_or_asset_exposure,stage_1_high_level_synthesis,confidentiality,Low,Low,Low,observed_in_v1,Low,none_in_v1,none_in_v1,none_in_v1,Low because the path is model-possible but weakly supported by the current v1 feasibility evidence.
P564,signing_or_verification_compromise,signing_or_verification_control,information_leakage_or_asset_exposure,stage_2_logic_synthesis,confidentiality,Low,Low,Low,observed_in_v1,Low,none_in_v1,none_in_v1,none_in_v1,Low because the path is model-possible but weakly supported by the current v1 feasibility evidence.
P565,signing_or_verification_compromise,signing_or_verification_control,information_leakage_or_asset_exposure,stage_3_post_synthesis_verification,confidentiality,Low,Low,Low,observed_in_v1,Low,none_in_v1,none_in_v1,none_in_v1,Low because the path is model-possible but weakly supported by the current v1 feasibility evidence.
P566,signing_or_verification_compromise,signing_or_verification_control,information_leakage_or_asset_exposure,stage_4_design_for_testability,confidentiality,Low,Low,Low,observed_in_v1,Low,none_in_v1,none_in_v1,none_in_v1,Low because the path is model-possible but weakly supported by the current v1 feasibility evidence.
P567,signing_or_verification_compromise,signing_or_verification_control,information_leakage_or_asset_exposure,stage_5_placement_and_routing,confidentiality,Low,Low,Low,observed_in_v1,Low,none_in_v1,none_in_v1,none_in_v1,Low because the path is model-possible but weakly supported by the current v1 feasibility evidence.
P568,signing_or_verification_compromise,signing_or_verification_control,information_leakage_or_asset_exposure,stage_6_static_timing_analysis,confidentiality,Low,Low,Low,observed_in_v1,Low,none_in_v1,none_in_v1,none_in_v1,Low because the path is model-possible but weakly supported by the current v1 feasibility evidence.
P569,signing_or_verification_compromise,signing_or_verification_control,information_leakage_or_asset_exposure,stage_7_physical_verification_and_signoff,confidentiality,Low,Low,Low,observed_in_v1,Low,none_in_v1,none_in_v1,none_in_v1,Low because the path is model-possible but weakly supported by the current v1 feasibility evidence.
P570,signing_or_verification_compromise,signing_or_verification_control,information_leakage_or_asset_exposure,stage_8_post_silicon_validation,confidentiality,Low,Low,Low,not_observed_in_v1,Low,none_in_v1,none_in_v1,none_in_v1,Low because the path is model-possible but weakly supported by the current v1 feasibility evidence.
P571,signing_or_verification_compromise,signing_or_verification_control,information_leakage_or_asset_exposure,stage_9_manufacturing_testing,confidentiality,Low,Low,Low,observed_in_v1,Low,none_in_v1,none_in_v1,none_in_v1,Low because the path is model-possible but weakly supported by the current v1 feasibility evidence.
P572,signing_or_verification_compromise,signing_or_verification_control,access_abuse_or_system_disruption,stage_0_design_specification,integrity,Low,Low,Medium,not_observed_in_v1,Low,none_in_v1,none_in_v1,E10; E49; E50,Low because the path is model-possible but weakly supported by the current v1 feasibility evidence.
P573,signing_or_verification_compromise,signing_or_verification_control,access_abuse_or_system_disruption,stage_0_design_specification,availability,Low,Low,Medium,not_observed_in_v1,Low,none_in_v1,none_in_v1,E10; E49; E50,Low because the path is model-possible but weakly supported by the current v1 feasibility evidence.
P574,signing_or_verification_compromise,signing_or_verification_control,access_abuse_or_system_disruption,stage_1_high_level_synthesis,integrity,Low,Low,Medium,observed_in_v1,Low,none_in_v1,none_in_v1,E10; E49; E50,Low because the path is model-possible but weakly supported by the current v1 feasibility evidence.
P575,signing_or_verification_compromise,signing_or_verification_control,access_abuse_or_system_disruption,stage_1_high_level_synthesis,availability,Low,Low,Medium,observed_in_v1,Low,none_in_v1,none_in_v1,E10; E49; E50,Low because the path is model-possible but weakly supported by the current v1 feasibility evidence.
P576,signing_or_verification_compromise,signing_or_verification_control,access_abuse_or_system_disruption,stage_2_logic_synthesis,integrity,Low,Low,Medium,observed_in_v1,Low,none_in_v1,none_in_v1,E10; E49; E50,Low because the path is model-possible but weakly supported by the current v1 feasibility evidence.
P577,signing_or_verification_compromise,signing_or_verification_control,access_abuse_or_system_disruption,stage_2_logic_synthesis,availability,Low,Low,Medium,observed_in_v1,Low,none_in_v1,none_in_v1,E10; E49; E50,Low because the path is model-possible but weakly supported by the current v1 feasibility evidence.
P578,signing_or_verification_compromise,signing_or_verification_control,access_abuse_or_system_disruption,stage_3_post_synthesis_verification,integrity,Low,Low,Medium,observed_in_v1,Low,none_in_v1,none_in_v1,E10; E49; E50,Low because the path is model-possible but weakly supported by the current v1 feasibility evidence.
P579,signing_or_verification_compromise,signing_or_verification_control,access_abuse_or_system_disruption,stage_3_post_synthesis_verification,availability,Low,Low,Medium,observed_in_v1,Low,none_in_v1,none_in_v1,E10; E49; E50,Low because the path is model-possible but weakly supported by the current v1 feasibility evidence.
P580,signing_or_verification_compromise,signing_or_verification_control,access_abuse_or_system_disruption,stage_4_design_for_testability,integrity,Low,Low,Medium,observed_in_v1,Low,none_in_v1,none_in_v1,E10; E49; E50,Low because the path is model-possible but weakly supported by the current v1 feasibility evidence.
P581,signing_or_verification_compromise,signing_or_verification_control,access_abuse_or_system_disruption,stage_4_design_for_testability,availability,Low,Low,Medium,observed_in_v1,Low,none_in_v1,none_in_v1,E10; E49; E50,Low because the path is model-possible but weakly supported by the current v1 feasibility evidence.
P582,signing_or_verification_compromise,signing_or_verification_control,access_abuse_or_system_disruption,stage_5_placement_and_routing,integrity,Low,Low,Medium,observed_in_v1,Low,none_in_v1,none_in_v1,E10; E49; E50,Low because the path is model-possible but weakly supported by the current v1 feasibility evidence.
P583,signing_or_verification_compromise,signing_or_verification_control,access_abuse_or_system_disruption,stage_5_placement_and_routing,availability,Low,Low,Medium,observed_in_v1,Low,none_in_v1,none_in_v1,E10; E49; E50,Low because the path is model-possible but weakly supported by the current v1 feasibility evidence.
P584,signing_or_verification_compromise,signing_or_verification_control,access_abuse_or_system_disruption,stage_6_static_timing_analysis,integrity,Low,Low,Medium,observed_in_v1,Low,none_in_v1,none_in_v1,E10; E49; E50,Low because the path is model-possible but weakly supported by the current v1 feasibility evidence.
P585,signing_or_verification_compromise,signing_or_verification_control,access_abuse_or_system_disruption,stage_6_static_timing_analysis,availability,Low,Low,Medium,observed_in_v1,Low,none_in_v1,none_in_v1,E10; E49; E50,Low because the path is model-possible but weakly supported by the current v1 feasibility evidence.
P586,signing_or_verification_compromise,signing_or_verification_control,access_abuse_or_system_disruption,stage_7_physical_verification_and_signoff,integrity,Low,Low,Medium,observed_in_v1,Low,none_in_v1,none_in_v1,E10; E49; E50,Low because the path is model-possible but weakly supported by the current v1 feasibility evidence.
P587,signing_or_verification_compromise,signing_or_verification_control,access_abuse_or_system_disruption,stage_7_physical_verification_and_signoff,availability,Low,Low,Medium,observed_in_v1,Low,none_in_v1,none_in_v1,E10; E49; E50,Low because the path is model-possible but weakly supported by the current v1 feasibility evidence.
P588,signing_or_verification_compromise,signing_or_verification_control,access_abuse_or_system_disruption,stage_8_post_silicon_validation,integrity,Low,Low,Medium,not_observed_in_v1,Low,none_in_v1,none_in_v1,E10; E49; E50,Low because the path is model-possible but weakly supported by the current v1 feasibility evidence.
P589,signing_or_verification_compromise,signing_or_verification_control,access_abuse_or_system_disruption,stage_8_post_silicon_validation,availability,Low,Low,Medium,not_observed_in_v1,Low,none_in_v1,none_in_v1,E10; E49; E50,Low because the path is model-possible but weakly supported by the current v1 feasibility evidence.
P590,signing_or_verification_compromise,signing_or_verification_control,access_abuse_or_system_disruption,stage_9_manufacturing_testing,integrity,Low,Low,Medium,observed_in_v1,Low,none_in_v1,none_in_v1,E10; E49; E50,Low because the path is model-possible but weakly supported by the current v1 feasibility evidence.
P591,signing_or_verification_compromise,signing_or_verification_control,access_abuse_or_system_disruption,stage_9_manufacturing_testing,availability,Low,Low,Medium,observed_in_v1,Low,none_in_v1,none_in_v1,E10; E49; E50,Low because the path is model-possible but weakly supported by the current v1 feasibility evidence.
P592,vulnerability_or_configuration_exploitation,vulnerability_or_configuration_based_control,ip_theft_misuse_or_counterfeiting,stage_0_design_specification,confidentiality,High,High,Low,not_observed_in_v1,Medium,E2; E3; E22; E26; E34; E41; E43,E3; E22; E41,none_in_v1,"Medium because the path has partial or indirect evidence support, but it does not satisfy all High criteria."
P593,vulnerability_or_configuration_exploitation,vulnerability_or_configuration_based_control,ip_theft_misuse_or_counterfeiting,stage_0_design_specification,integrity,High,High,Low,not_observed_in_v1,Medium,E2; E3; E22; E26; E34; E41; E43,E3; E22; E41,none_in_v1,"Medium because the path has partial or indirect evidence support, but it does not satisfy all High criteria."
P594,vulnerability_or_configuration_exploitation,vulnerability_or_configuration_based_control,ip_theft_misuse_or_counterfeiting,stage_1_high_level_synthesis,confidentiality,High,High,Low,observed_in_v1,Medium,E2; E3; E22; E26; E34; E41; E43,E3; E22; E41,none_in_v1,"Medium because the path has partial or indirect evidence support, but it does not satisfy all High criteria."
P595,vulnerability_or_configuration_exploitation,vulnerability_or_configuration_based_control,ip_theft_misuse_or_counterfeiting,stage_1_high_level_synthesis,integrity,High,High,Low,observed_in_v1,Medium,E2; E3; E22; E26; E34; E41; E43,E3; E22; E41,none_in_v1,"Medium because the path has partial or indirect evidence support, but it does not satisfy all High criteria."
P596,vulnerability_or_configuration_exploitation,vulnerability_or_configuration_based_control,ip_theft_misuse_or_counterfeiting,stage_2_logic_synthesis,confidentiality,High,High,Low,observed_in_v1,Medium,E2; E3; E22; E26; E34; E41; E43,E3; E22; E41,none_in_v1,"Medium because the path has partial or indirect evidence support, but it does not satisfy all High criteria."
P597,vulnerability_or_configuration_exploitation,vulnerability_or_configuration_based_control,ip_theft_misuse_or_counterfeiting,stage_2_logic_synthesis,integrity,High,High,Low,observed_in_v1,Medium,E2; E3; E22; E26; E34; E41; E43,E3; E22; E41,none_in_v1,"Medium because the path has partial or indirect evidence support, but it does not satisfy all High criteria."
P598,vulnerability_or_configuration_exploitation,vulnerability_or_configuration_based_control,ip_theft_misuse_or_counterfeiting,stage_3_post_synthesis_verification,confidentiality,High,High,Low,observed_in_v1,Medium,E2; E3; E22; E26; E34; E41; E43,E3; E22; E41,none_in_v1,"Medium because the path has partial or indirect evidence support, but it does not satisfy all High criteria."
P599,vulnerability_or_configuration_exploitation,vulnerability_or_configuration_based_control,ip_theft_misuse_or_counterfeiting,stage_3_post_synthesis_verification,integrity,High,High,Low,observed_in_v1,Medium,E2; E3; E22; E26; E34; E41; E43,E3; E22; E41,none_in_v1,"Medium because the path has partial or indirect evidence support, but it does not satisfy all High criteria."
P600,vulnerability_or_configuration_exploitation,vulnerability_or_configuration_based_control,ip_theft_misuse_or_counterfeiting,stage_4_design_for_testability,confidentiality,High,High,Low,observed_in_v1,Medium,E2; E3; E22; E26; E34; E41; E43,E3; E22; E41,none_in_v1,"Medium because the path has partial or indirect evidence support, but it does not satisfy all High criteria."
P601,vulnerability_or_configuration_exploitation,vulnerability_or_configuration_based_control,ip_theft_misuse_or_counterfeiting,stage_4_design_for_testability,integrity,High,High,Low,observed_in_v1,Medium,E2; E3; E22; E26; E34; E41; E43,E3; E22; E41,none_in_v1,"Medium because the path has partial or indirect evidence support, but it does not satisfy all High criteria."
P602,vulnerability_or_configuration_exploitation,vulnerability_or_configuration_based_control,ip_theft_misuse_or_counterfeiting,stage_5_placement_and_routing,confidentiality,High,High,Low,observed_in_v1,Medium,E2; E3; E22; E26; E34; E41; E43,E3; E22; E41,none_in_v1,"Medium because the path has partial or indirect evidence support, but it does not satisfy all High criteria."
P603,vulnerability_or_configuration_exploitation,vulnerability_or_configuration_based_control,ip_theft_misuse_or_counterfeiting,stage_5_placement_and_routing,integrity,High,High,Low,observed_in_v1,Medium,E2; E3; E22; E26; E34; E41; E43,E3; E22; E41,none_in_v1,"Medium because the path has partial or indirect evidence support, but it does not satisfy all High criteria."
P604,vulnerability_or_configuration_exploitation,vulnerability_or_configuration_based_control,ip_theft_misuse_or_counterfeiting,stage_6_static_timing_analysis,confidentiality,High,High,Low,observed_in_v1,Medium,E2; E3; E22; E26; E34; E41; E43,E3; E22; E41,none_in_v1,"Medium because the path has partial or indirect evidence support, but it does not satisfy all High criteria."
P605,vulnerability_or_configuration_exploitation,vulnerability_or_configuration_based_control,ip_theft_misuse_or_counterfeiting,stage_6_static_timing_analysis,integrity,High,High,Low,observed_in_v1,Medium,E2; E3; E22; E26; E34; E41; E43,E3; E22; E41,none_in_v1,"Medium because the path has partial or indirect evidence support, but it does not satisfy all High criteria."
P606,vulnerability_or_configuration_exploitation,vulnerability_or_configuration_based_control,ip_theft_misuse_or_counterfeiting,stage_7_physical_verification_and_signoff,confidentiality,High,High,Low,observed_in_v1,Medium,E2; E3; E22; E26; E34; E41; E43,E3; E22; E41,none_in_v1,"Medium because the path has partial or indirect evidence support, but it does not satisfy all High criteria."
P607,vulnerability_or_configuration_exploitation,vulnerability_or_configuration_based_control,ip_theft_misuse_or_counterfeiting,stage_7_physical_verification_and_signoff,integrity,High,High,Low,observed_in_v1,Medium,E2; E3; E22; E26; E34; E41; E43,E3; E22; E41,none_in_v1,"Medium because the path has partial or indirect evidence support, but it does not satisfy all High criteria."
P608,vulnerability_or_configuration_exploitation,vulnerability_or_configuration_based_control,ip_theft_misuse_or_counterfeiting,stage_8_post_silicon_validation,confidentiality,High,High,Low,not_observed_in_v1,Medium,E2; E3; E22; E26; E34; E41; E43,E3; E22; E41,none_in_v1,"Medium because the path has partial or indirect evidence support, but it does not satisfy all High criteria."
P609,vulnerability_or_configuration_exploitation,vulnerability_or_configuration_based_control,ip_theft_misuse_or_counterfeiting,stage_8_post_silicon_validation,integrity,High,High,Low,not_observed_in_v1,Medium,E2; E3; E22; E26; E34; E41; E43,E3; E22; E41,none_in_v1,"Medium because the path has partial or indirect evidence support, but it does not satisfy all High criteria."
P610,vulnerability_or_configuration_exploitation,vulnerability_or_configuration_based_control,ip_theft_misuse_or_counterfeiting,stage_9_manufacturing_testing,confidentiality,High,High,Low,observed_in_v1,Medium,E2; E3; E22; E26; E34; E41; E43,E3; E22; E41,none_in_v1,"Medium because the path has partial or indirect evidence support, but it does not satisfy all High criteria."
P611,vulnerability_or_configuration_exploitation,vulnerability_or_configuration_based_control,ip_theft_misuse_or_counterfeiting,stage_9_manufacturing_testing,integrity,High,High,Low,observed_in_v1,Medium,E2; E3; E22; E26; E34; E41; E43,E3; E22; E41,none_in_v1,"Medium because the path has partial or indirect evidence support, but it does not satisfy all High criteria."
P612,vulnerability_or_configuration_exploitation,vulnerability_or_configuration_based_control,design_tampering_or_malicious_modification,stage_0_design_specification,integrity,High,High,Medium,not_observed_in_v1,Medium,E2; E3; E22; E26; E34; E41; E43,E3; E22; E41,E2; E10; E19,"Medium because the path has partial or indirect evidence support, but it does not satisfy all High criteria."
P613,vulnerability_or_configuration_exploitation,vulnerability_or_configuration_based_control,design_tampering_or_malicious_modification,stage_0_design_specification,availability,High,High,Medium,not_observed_in_v1,Medium,E2; E3; E22; E26; E34; E41; E43,E3; E22; E41,E2; E10; E19,"Medium because the path has partial or indirect evidence support, but it does not satisfy all High criteria."
P614,vulnerability_or_configuration_exploitation,vulnerability_or_configuration_based_control,design_tampering_or_malicious_modification,stage_1_high_level_synthesis,integrity,High,High,Medium,observed_in_v1,High,E2; E3; E22; E26; E34; E41; E43,E3; E22; E41,E2; E10; E19,"High because the A_sw category and M_sw capability both have High evidence support, the VLSI-side category has at least Medium support, and the stage is observed in the v1 evidence."
P615,vulnerability_or_configuration_exploitation,vulnerability_or_configuration_based_control,design_tampering_or_malicious_modification,stage_1_high_level_synthesis,availability,High,High,Medium,observed_in_v1,High,E2; E3; E22; E26; E34; E41; E43,E3; E22; E41,E2; E10; E19,"High because the A_sw category and M_sw capability both have High evidence support, the VLSI-side category has at least Medium support, and the stage is observed in the v1 evidence."
P616,vulnerability_or_configuration_exploitation,vulnerability_or_configuration_based_control,design_tampering_or_malicious_modification,stage_2_logic_synthesis,integrity,High,High,Medium,observed_in_v1,High,E2; E3; E22; E26; E34; E41; E43,E3; E22; E41,E2; E10; E19,"High because the A_sw category and M_sw capability both have High evidence support, the VLSI-side category has at least Medium support, and the stage is observed in the v1 evidence."
P617,vulnerability_or_configuration_exploitation,vulnerability_or_configuration_based_control,design_tampering_or_malicious_modification,stage_2_logic_synthesis,availability,High,High,Medium,observed_in_v1,High,E2; E3; E22; E26; E34; E41; E43,E3; E22; E41,E2; E10; E19,"High because the A_sw category and M_sw capability both have High evidence support, the VLSI-side category has at least Medium support, and the stage is observed in the v1 evidence."
P618,vulnerability_or_configuration_exploitation,vulnerability_or_configuration_based_control,design_tampering_or_malicious_modification,stage_3_post_synthesis_verification,integrity,High,High,Medium,observed_in_v1,High,E2; E3; E22; E26; E34; E41; E43,E3; E22; E41,E2; E10; E19,"High because the A_sw category and M_sw capability both have High evidence support, the VLSI-side category has at least Medium support, and the stage is observed in the v1 evidence."
P619,vulnerability_or_configuration_exploitation,vulnerability_or_configuration_based_control,design_tampering_or_malicious_modification,stage_3_post_synthesis_verification,availability,High,High,Medium,observed_in_v1,High,E2; E3; E22; E26; E34; E41; E43,E3; E22; E41,E2; E10; E19,"High because the A_sw category and M_sw capability both have High evidence support, the VLSI-side category has at least Medium support, and the stage is observed in the v1 evidence."
P620,vulnerability_or_configuration_exploitation,vulnerability_or_configuration_based_control,design_tampering_or_malicious_modification,stage_4_design_for_testability,integrity,High,High,Medium,observed_in_v1,High,E2; E3; E22; E26; E34; E41; E43,E3; E22; E41,E2; E10; E19,"High because the A_sw category and M_sw capability both have High evidence support, the VLSI-side category has at least Medium support, and the stage is observed in the v1 evidence."
P621,vulnerability_or_configuration_exploitation,vulnerability_or_configuration_based_control,design_tampering_or_malicious_modification,stage_4_design_for_testability,availability,High,High,Medium,observed_in_v1,High,E2; E3; E22; E26; E34; E41; E43,E3; E22; E41,E2; E10; E19,"High because the A_sw category and M_sw capability both have High evidence support, the VLSI-side category has at least Medium support, and the stage is observed in the v1 evidence."
P622,vulnerability_or_configuration_exploitation,vulnerability_or_configuration_based_control,design_tampering_or_malicious_modification,stage_5_placement_and_routing,integrity,High,High,Medium,observed_in_v1,High,E2; E3; E22; E26; E34; E41; E43,E3; E22; E41,E2; E10; E19,"High because the A_sw category and M_sw capability both have High evidence support, the VLSI-side category has at least Medium support, and the stage is observed in the v1 evidence."
P623,vulnerability_or_configuration_exploitation,vulnerability_or_configuration_based_control,design_tampering_or_malicious_modification,stage_5_placement_and_routing,availability,High,High,Medium,observed_in_v1,High,E2; E3; E22; E26; E34; E41; E43,E3; E22; E41,E2; E10; E19,"High because the A_sw category and M_sw capability both have High evidence support, the VLSI-side category has at least Medium support, and the stage is observed in the v1 evidence."
P624,vulnerability_or_configuration_exploitation,vulnerability_or_configuration_based_control,design_tampering_or_malicious_modification,stage_6_static_timing_analysis,integrity,High,High,Medium,observed_in_v1,High,E2; E3; E22; E26; E34; E41; E43,E3; E22; E41,E2; E10; E19,"High because the A_sw category and M_sw capability both have High evidence support, the VLSI-side category has at least Medium support, and the stage is observed in the v1 evidence."
P625,vulnerability_or_configuration_exploitation,vulnerability_or_configuration_based_control,design_tampering_or_malicious_modification,stage_6_static_timing_analysis,availability,High,High,Medium,observed_in_v1,High,E2; E3; E22; E26; E34; E41; E43,E3; E22; E41,E2; E10; E19,"High because the A_sw category and M_sw capability both have High evidence support, the VLSI-side category has at least Medium support, and the stage is observed in the v1 evidence."
P626,vulnerability_or_configuration_exploitation,vulnerability_or_configuration_based_control,design_tampering_or_malicious_modification,stage_7_physical_verification_and_signoff,integrity,High,High,Medium,observed_in_v1,High,E2; E3; E22; E26; E34; E41; E43,E3; E22; E41,E2; E10; E19,"High because the A_sw category and M_sw capability both have High evidence support, the VLSI-side category has at least Medium support, and the stage is observed in the v1 evidence."
P627,vulnerability_or_configuration_exploitation,vulnerability_or_configuration_based_control,design_tampering_or_malicious_modification,stage_7_physical_verification_and_signoff,availability,High,High,Medium,observed_in_v1,High,E2; E3; E22; E26; E34; E41; E43,E3; E22; E41,E2; E10; E19,"High because the A_sw category and M_sw capability both have High evidence support, the VLSI-side category has at least Medium support, and the stage is observed in the v1 evidence."
P628,vulnerability_or_configuration_exploitation,vulnerability_or_configuration_based_control,hardware_trojan_backdoor_or_logic_bomb,stage_1_high_level_synthesis,confidentiality,High,High,Low,observed_in_v1,Medium,E2; E3; E22; E26; E34; E41; E43,E3; E22; E41,E2,"Medium because the path has partial or indirect evidence support, but it does not satisfy all High criteria."
P629,vulnerability_or_configuration_exploitation,vulnerability_or_configuration_based_control,hardware_trojan_backdoor_or_logic_bomb,stage_1_high_level_synthesis,integrity,High,High,Low,observed_in_v1,Medium,E2; E3; E22; E26; E34; E41; E43,E3; E22; E41,E2,"Medium because the path has partial or indirect evidence support, but it does not satisfy all High criteria."
P630,vulnerability_or_configuration_exploitation,vulnerability_or_configuration_based_control,hardware_trojan_backdoor_or_logic_bomb,stage_1_high_level_synthesis,availability,High,High,Low,observed_in_v1,Medium,E2; E3; E22; E26; E34; E41; E43,E3; E22; E41,E2,"Medium because the path has partial or indirect evidence support, but it does not satisfy all High criteria."
P631,vulnerability_or_configuration_exploitation,vulnerability_or_configuration_based_control,hardware_trojan_backdoor_or_logic_bomb,stage_2_logic_synthesis,confidentiality,High,High,Low,observed_in_v1,Medium,E2; E3; E22; E26; E34; E41; E43,E3; E22; E41,E2,"Medium because the path has partial or indirect evidence support, but it does not satisfy all High criteria."
P632,vulnerability_or_configuration_exploitation,vulnerability_or_configuration_based_control,hardware_trojan_backdoor_or_logic_bomb,stage_2_logic_synthesis,integrity,High,High,Low,observed_in_v1,Medium,E2; E3; E22; E26; E34; E41; E43,E3; E22; E41,E2,"Medium because the path has partial or indirect evidence support, but it does not satisfy all High criteria."
P633,vulnerability_or_configuration_exploitation,vulnerability_or_configuration_based_control,hardware_trojan_backdoor_or_logic_bomb,stage_2_logic_synthesis,availability,High,High,Low,observed_in_v1,Medium,E2; E3; E22; E26; E34; E41; E43,E3; E22; E41,E2,"Medium because the path has partial or indirect evidence support, but it does not satisfy all High criteria."
P634,vulnerability_or_configuration_exploitation,vulnerability_or_configuration_based_control,hardware_trojan_backdoor_or_logic_bomb,stage_3_post_synthesis_verification,confidentiality,High,High,Low,observed_in_v1,Medium,E2; E3; E22; E26; E34; E41; E43,E3; E22; E41,E2,"Medium because the path has partial or indirect evidence support, but it does not satisfy all High criteria."
P635,vulnerability_or_configuration_exploitation,vulnerability_or_configuration_based_control,hardware_trojan_backdoor_or_logic_bomb,stage_3_post_synthesis_verification,integrity,High,High,Low,observed_in_v1,Medium,E2; E3; E22; E26; E34; E41; E43,E3; E22; E41,E2,"Medium because the path has partial or indirect evidence support, but it does not satisfy all High criteria."
P636,vulnerability_or_configuration_exploitation,vulnerability_or_configuration_based_control,hardware_trojan_backdoor_or_logic_bomb,stage_3_post_synthesis_verification,availability,High,High,Low,observed_in_v1,Medium,E2; E3; E22; E26; E34; E41; E43,E3; E22; E41,E2,"Medium because the path has partial or indirect evidence support, but it does not satisfy all High criteria."
P637,vulnerability_or_configuration_exploitation,vulnerability_or_configuration_based_control,hardware_trojan_backdoor_or_logic_bomb,stage_4_design_for_testability,confidentiality,High,High,Low,observed_in_v1,Medium,E2; E3; E22; E26; E34; E41; E43,E3; E22; E41,E2,"Medium because the path has partial or indirect evidence support, but it does not satisfy all High criteria."
P638,vulnerability_or_configuration_exploitation,vulnerability_or_configuration_based_control,hardware_trojan_backdoor_or_logic_bomb,stage_4_design_for_testability,integrity,High,High,Low,observed_in_v1,Medium,E2; E3; E22; E26; E34; E41; E43,E3; E22; E41,E2,"Medium because the path has partial or indirect evidence support, but it does not satisfy all High criteria."
P639,vulnerability_or_configuration_exploitation,vulnerability_or_configuration_based_control,hardware_trojan_backdoor_or_logic_bomb,stage_4_design_for_testability,availability,High,High,Low,observed_in_v1,Medium,E2; E3; E22; E26; E34; E41; E43,E3; E22; E41,E2,"Medium because the path has partial or indirect evidence support, but it does not satisfy all High criteria."
P640,vulnerability_or_configuration_exploitation,vulnerability_or_configuration_based_control,hardware_trojan_backdoor_or_logic_bomb,stage_5_placement_and_routing,confidentiality,High,High,Low,observed_in_v1,Medium,E2; E3; E22; E26; E34; E41; E43,E3; E22; E41,E2,"Medium because the path has partial or indirect evidence support, but it does not satisfy all High criteria."
P641,vulnerability_or_configuration_exploitation,vulnerability_or_configuration_based_control,hardware_trojan_backdoor_or_logic_bomb,stage_5_placement_and_routing,integrity,High,High,Low,observed_in_v1,Medium,E2; E3; E22; E26; E34; E41; E43,E3; E22; E41,E2,"Medium because the path has partial or indirect evidence support, but it does not satisfy all High criteria."
P642,vulnerability_or_configuration_exploitation,vulnerability_or_configuration_based_control,hardware_trojan_backdoor_or_logic_bomb,stage_5_placement_and_routing,availability,High,High,Low,observed_in_v1,Medium,E2; E3; E22; E26; E34; E41; E43,E3; E22; E41,E2,"Medium because the path has partial or indirect evidence support, but it does not satisfy all High criteria."
P643,vulnerability_or_configuration_exploitation,vulnerability_or_configuration_based_control,hardware_trojan_backdoor_or_logic_bomb,stage_6_static_timing_analysis,confidentiality,High,High,Low,observed_in_v1,Medium,E2; E3; E22; E26; E34; E41; E43,E3; E22; E41,E2,"Medium because the path has partial or indirect evidence support, but it does not satisfy all High criteria."
P644,vulnerability_or_configuration_exploitation,vulnerability_or_configuration_based_control,hardware_trojan_backdoor_or_logic_bomb,stage_6_static_timing_analysis,integrity,High,High,Low,observed_in_v1,Medium,E2; E3; E22; E26; E34; E41; E43,E3; E22; E41,E2,"Medium because the path has partial or indirect evidence support, but it does not satisfy all High criteria."
P645,vulnerability_or_configuration_exploitation,vulnerability_or_configuration_based_control,hardware_trojan_backdoor_or_logic_bomb,stage_6_static_timing_analysis,availability,High,High,Low,observed_in_v1,Medium,E2; E3; E22; E26; E34; E41; E43,E3; E22; E41,E2,"Medium because the path has partial or indirect evidence support, but it does not satisfy all High criteria."
P646,vulnerability_or_configuration_exploitation,vulnerability_or_configuration_based_control,hardware_trojan_backdoor_or_logic_bomb,stage_7_physical_verification_and_signoff,confidentiality,High,High,Low,observed_in_v1,Medium,E2; E3; E22; E26; E34; E41; E43,E3; E22; E41,E2,"Medium because the path has partial or indirect evidence support, but it does not satisfy all High criteria."
P647,vulnerability_or_configuration_exploitation,vulnerability_or_configuration_based_control,hardware_trojan_backdoor_or_logic_bomb,stage_7_physical_verification_and_signoff,integrity,High,High,Low,observed_in_v1,Medium,E2; E3; E22; E26; E34; E41; E43,E3; E22; E41,E2,"Medium because the path has partial or indirect evidence support, but it does not satisfy all High criteria."
P648,vulnerability_or_configuration_exploitation,vulnerability_or_configuration_based_control,hardware_trojan_backdoor_or_logic_bomb,stage_7_physical_verification_and_signoff,availability,High,High,Low,observed_in_v1,Medium,E2; E3; E22; E26; E34; E41; E43,E3; E22; E41,E2,"Medium because the path has partial or indirect evidence support, but it does not satisfy all High criteria."
P649,vulnerability_or_configuration_exploitation,vulnerability_or_configuration_based_control,hardware_trojan_backdoor_or_logic_bomb,stage_8_post_silicon_validation,confidentiality,High,High,Low,not_observed_in_v1,Medium,E2; E3; E22; E26; E34; E41; E43,E3; E22; E41,E2,"Medium because the path has partial or indirect evidence support, but it does not satisfy all High criteria."
P650,vulnerability_or_configuration_exploitation,vulnerability_or_configuration_based_control,hardware_trojan_backdoor_or_logic_bomb,stage_8_post_silicon_validation,integrity,High,High,Low,not_observed_in_v1,Medium,E2; E3; E22; E26; E34; E41; E43,E3; E22; E41,E2,"Medium because the path has partial or indirect evidence support, but it does not satisfy all High criteria."
P651,vulnerability_or_configuration_exploitation,vulnerability_or_configuration_based_control,hardware_trojan_backdoor_or_logic_bomb,stage_8_post_silicon_validation,availability,High,High,Low,not_observed_in_v1,Medium,E2; E3; E22; E26; E34; E41; E43,E3; E22; E41,E2,"Medium because the path has partial or indirect evidence support, but it does not satisfy all High criteria."
P652,vulnerability_or_configuration_exploitation,vulnerability_or_configuration_based_control,hardware_trojan_backdoor_or_logic_bomb,stage_9_manufacturing_testing,confidentiality,High,High,Low,observed_in_v1,Medium,E2; E3; E22; E26; E34; E41; E43,E3; E22; E41,E2,"Medium because the path has partial or indirect evidence support, but it does not satisfy all High criteria."
P653,vulnerability_or_configuration_exploitation,vulnerability_or_configuration_based_control,hardware_trojan_backdoor_or_logic_bomb,stage_9_manufacturing_testing,integrity,High,High,Low,observed_in_v1,Medium,E2; E3; E22; E26; E34; E41; E43,E3; E22; E41,E2,"Medium because the path has partial or indirect evidence support, but it does not satisfy all High criteria."
P654,vulnerability_or_configuration_exploitation,vulnerability_or_configuration_based_control,hardware_trojan_backdoor_or_logic_bomb,stage_9_manufacturing_testing,availability,High,High,Low,observed_in_v1,Medium,E2; E3; E22; E26; E34; E41; E43,E3; E22; E41,E2,"Medium because the path has partial or indirect evidence support, but it does not satisfy all High criteria."
P655,vulnerability_or_configuration_exploitation,vulnerability_or_configuration_based_control,information_leakage_or_asset_exposure,stage_0_design_specification,confidentiality,High,High,Low,not_observed_in_v1,Medium,E2; E3; E22; E26; E34; E41; E43,E3; E22; E41,none_in_v1,"Medium because the path has partial or indirect evidence support, but it does not satisfy all High criteria."
P656,vulnerability_or_configuration_exploitation,vulnerability_or_configuration_based_control,information_leakage_or_asset_exposure,stage_1_high_level_synthesis,confidentiality,High,High,Low,observed_in_v1,Medium,E2; E3; E22; E26; E34; E41; E43,E3; E22; E41,none_in_v1,"Medium because the path has partial or indirect evidence support, but it does not satisfy all High criteria."
P657,vulnerability_or_configuration_exploitation,vulnerability_or_configuration_based_control,information_leakage_or_asset_exposure,stage_2_logic_synthesis,confidentiality,High,High,Low,observed_in_v1,Medium,E2; E3; E22; E26; E34; E41; E43,E3; E22; E41,none_in_v1,"Medium because the path has partial or indirect evidence support, but it does not satisfy all High criteria."
P658,vulnerability_or_configuration_exploitation,vulnerability_or_configuration_based_control,information_leakage_or_asset_exposure,stage_3_post_synthesis_verification,confidentiality,High,High,Low,observed_in_v1,Medium,E2; E3; E22; E26; E34; E41; E43,E3; E22; E41,none_in_v1,"Medium because the path has partial or indirect evidence support, but it does not satisfy all High criteria."
P659,vulnerability_or_configuration_exploitation,vulnerability_or_configuration_based_control,information_leakage_or_asset_exposure,stage_4_design_for_testability,confidentiality,High,High,Low,observed_in_v1,Medium,E2; E3; E22; E26; E34; E41; E43,E3; E22; E41,none_in_v1,"Medium because the path has partial or indirect evidence support, but it does not satisfy all High criteria."
P660,vulnerability_or_configuration_exploitation,vulnerability_or_configuration_based_control,information_leakage_or_asset_exposure,stage_5_placement_and_routing,confidentiality,High,High,Low,observed_in_v1,Medium,E2; E3; E22; E26; E34; E41; E43,E3; E22; E41,none_in_v1,"Medium because the path has partial or indirect evidence support, but it does not satisfy all High criteria."
P661,vulnerability_or_configuration_exploitation,vulnerability_or_configuration_based_control,information_leakage_or_asset_exposure,stage_6_static_timing_analysis,confidentiality,High,High,Low,observed_in_v1,Medium,E2; E3; E22; E26; E34; E41; E43,E3; E22; E41,none_in_v1,"Medium because the path has partial or indirect evidence support, but it does not satisfy all High criteria."
P662,vulnerability_or_configuration_exploitation,vulnerability_or_configuration_based_control,information_leakage_or_asset_exposure,stage_7_physical_verification_and_signoff,confidentiality,High,High,Low,observed_in_v1,Medium,E2; E3; E22; E26; E34; E41; E43,E3; E22; E41,none_in_v1,"Medium because the path has partial or indirect evidence support, but it does not satisfy all High criteria."
P663,vulnerability_or_configuration_exploitation,vulnerability_or_configuration_based_control,information_leakage_or_asset_exposure,stage_8_post_silicon_validation,confidentiality,High,High,Low,not_observed_in_v1,Medium,E2; E3; E22; E26; E34; E41; E43,E3; E22; E41,none_in_v1,"Medium because the path has partial or indirect evidence support, but it does not satisfy all High criteria."
P664,vulnerability_or_configuration_exploitation,vulnerability_or_configuration_based_control,information_leakage_or_asset_exposure,stage_9_manufacturing_testing,confidentiality,High,High,Low,observed_in_v1,Medium,E2; E3; E22; E26; E34; E41; E43,E3; E22; E41,none_in_v1,"Medium because the path has partial or indirect evidence support, but it does not satisfy all High criteria."
P665,vulnerability_or_configuration_exploitation,vulnerability_or_configuration_based_control,side_channel_fault_or_physical_attack,stage_1_high_level_synthesis,confidentiality,High,High,Low,observed_in_v1,Medium,E2; E3; E22; E26; E34; E41; E43,E3; E22; E41,none_in_v1,"Medium because the path has partial or indirect evidence support, but it does not satisfy all High criteria."
P666,vulnerability_or_configuration_exploitation,vulnerability_or_configuration_based_control,side_channel_fault_or_physical_attack,stage_1_high_level_synthesis,integrity,High,High,Low,observed_in_v1,Medium,E2; E3; E22; E26; E34; E41; E43,E3; E22; E41,none_in_v1,"Medium because the path has partial or indirect evidence support, but it does not satisfy all High criteria."
P667,vulnerability_or_configuration_exploitation,vulnerability_or_configuration_based_control,side_channel_fault_or_physical_attack,stage_1_high_level_synthesis,availability,High,High,Low,observed_in_v1,Medium,E2; E3; E22; E26; E34; E41; E43,E3; E22; E41,none_in_v1,"Medium because the path has partial or indirect evidence support, but it does not satisfy all High criteria."
P668,vulnerability_or_configuration_exploitation,vulnerability_or_configuration_based_control,side_channel_fault_or_physical_attack,stage_2_logic_synthesis,confidentiality,High,High,Low,observed_in_v1,Medium,E2; E3; E22; E26; E34; E41; E43,E3; E22; E41,none_in_v1,"Medium because the path has partial or indirect evidence support, but it does not satisfy all High criteria."
P669,vulnerability_or_configuration_exploitation,vulnerability_or_configuration_based_control,side_channel_fault_or_physical_attack,stage_2_logic_synthesis,integrity,High,High,Low,observed_in_v1,Medium,E2; E3; E22; E26; E34; E41; E43,E3; E22; E41,none_in_v1,"Medium because the path has partial or indirect evidence support, but it does not satisfy all High criteria."
P670,vulnerability_or_configuration_exploitation,vulnerability_or_configuration_based_control,side_channel_fault_or_physical_attack,stage_2_logic_synthesis,availability,High,High,Low,observed_in_v1,Medium,E2; E3; E22; E26; E34; E41; E43,E3; E22; E41,none_in_v1,"Medium because the path has partial or indirect evidence support, but it does not satisfy all High criteria."
P671,vulnerability_or_configuration_exploitation,vulnerability_or_configuration_based_control,side_channel_fault_or_physical_attack,stage_4_design_for_testability,confidentiality,High,High,Low,observed_in_v1,Medium,E2; E3; E22; E26; E34; E41; E43,E3; E22; E41,none_in_v1,"Medium because the path has partial or indirect evidence support, but it does not satisfy all High criteria."
P672,vulnerability_or_configuration_exploitation,vulnerability_or_configuration_based_control,side_channel_fault_or_physical_attack,stage_4_design_for_testability,integrity,High,High,Low,observed_in_v1,Medium,E2; E3; E22; E26; E34; E41; E43,E3; E22; E41,none_in_v1,"Medium because the path has partial or indirect evidence support, but it does not satisfy all High criteria."
P673,vulnerability_or_configuration_exploitation,vulnerability_or_configuration_based_control,side_channel_fault_or_physical_attack,stage_4_design_for_testability,availability,High,High,Low,observed_in_v1,Medium,E2; E3; E22; E26; E34; E41; E43,E3; E22; E41,none_in_v1,"Medium because the path has partial or indirect evidence support, but it does not satisfy all High criteria."
P674,vulnerability_or_configuration_exploitation,vulnerability_or_configuration_based_control,side_channel_fault_or_physical_attack,stage_5_placement_and_routing,confidentiality,High,High,Low,observed_in_v1,Medium,E2; E3; E22; E26; E34; E41; E43,E3; E22; E41,none_in_v1,"Medium because the path has partial or indirect evidence support, but it does not satisfy all High criteria."
P675,vulnerability_or_configuration_exploitation,vulnerability_or_configuration_based_control,side_channel_fault_or_physical_attack,stage_5_placement_and_routing,integrity,High,High,Low,observed_in_v1,Medium,E2; E3; E22; E26; E34; E41; E43,E3; E22; E41,none_in_v1,"Medium because the path has partial or indirect evidence support, but it does not satisfy all High criteria."
P676,vulnerability_or_configuration_exploitation,vulnerability_or_configuration_based_control,side_channel_fault_or_physical_attack,stage_5_placement_and_routing,availability,High,High,Low,observed_in_v1,Medium,E2; E3; E22; E26; E34; E41; E43,E3; E22; E41,none_in_v1,"Medium because the path has partial or indirect evidence support, but it does not satisfy all High criteria."
P677,vulnerability_or_configuration_exploitation,vulnerability_or_configuration_based_control,side_channel_fault_or_physical_attack,stage_6_static_timing_analysis,confidentiality,High,High,Low,observed_in_v1,Medium,E2; E3; E22; E26; E34; E41; E43,E3; E22; E41,none_in_v1,"Medium because the path has partial or indirect evidence support, but it does not satisfy all High criteria."
P678,vulnerability_or_configuration_exploitation,vulnerability_or_configuration_based_control,side_channel_fault_or_physical_attack,stage_6_static_timing_analysis,integrity,High,High,Low,observed_in_v1,Medium,E2; E3; E22; E26; E34; E41; E43,E3; E22; E41,none_in_v1,"Medium because the path has partial or indirect evidence support, but it does not satisfy all High criteria."
P679,vulnerability_or_configuration_exploitation,vulnerability_or_configuration_based_control,side_channel_fault_or_physical_attack,stage_6_static_timing_analysis,availability,High,High,Low,observed_in_v1,Medium,E2; E3; E22; E26; E34; E41; E43,E3; E22; E41,none_in_v1,"Medium because the path has partial or indirect evidence support, but it does not satisfy all High criteria."
P680,vulnerability_or_configuration_exploitation,vulnerability_or_configuration_based_control,side_channel_fault_or_physical_attack,stage_7_physical_verification_and_signoff,confidentiality,High,High,Low,observed_in_v1,Medium,E2; E3; E22; E26; E34; E41; E43,E3; E22; E41,none_in_v1,"Medium because the path has partial or indirect evidence support, but it does not satisfy all High criteria."
P681,vulnerability_or_configuration_exploitation,vulnerability_or_configuration_based_control,side_channel_fault_or_physical_attack,stage_7_physical_verification_and_signoff,integrity,High,High,Low,observed_in_v1,Medium,E2; E3; E22; E26; E34; E41; E43,E3; E22; E41,none_in_v1,"Medium because the path has partial or indirect evidence support, but it does not satisfy all High criteria."
P682,vulnerability_or_configuration_exploitation,vulnerability_or_configuration_based_control,side_channel_fault_or_physical_attack,stage_7_physical_verification_and_signoff,availability,High,High,Low,observed_in_v1,Medium,E2; E3; E22; E26; E34; E41; E43,E3; E22; E41,none_in_v1,"Medium because the path has partial or indirect evidence support, but it does not satisfy all High criteria."
P683,vulnerability_or_configuration_exploitation,vulnerability_or_configuration_based_control,side_channel_fault_or_physical_attack,stage_8_post_silicon_validation,confidentiality,High,High,Low,not_observed_in_v1,Medium,E2; E3; E22; E26; E34; E41; E43,E3; E22; E41,none_in_v1,"Medium because the path has partial or indirect evidence support, but it does not satisfy all High criteria."
P684,vulnerability_or_configuration_exploitation,vulnerability_or_configuration_based_control,side_channel_fault_or_physical_attack,stage_8_post_silicon_validation,integrity,High,High,Low,not_observed_in_v1,Medium,E2; E3; E22; E26; E34; E41; E43,E3; E22; E41,none_in_v1,"Medium because the path has partial or indirect evidence support, but it does not satisfy all High criteria."
P685,vulnerability_or_configuration_exploitation,vulnerability_or_configuration_based_control,side_channel_fault_or_physical_attack,stage_8_post_silicon_validation,availability,High,High,Low,not_observed_in_v1,Medium,E2; E3; E22; E26; E34; E41; E43,E3; E22; E41,none_in_v1,"Medium because the path has partial or indirect evidence support, but it does not satisfy all High criteria."
P686,vulnerability_or_configuration_exploitation,vulnerability_or_configuration_based_control,side_channel_fault_or_physical_attack,stage_9_manufacturing_testing,confidentiality,High,High,Low,observed_in_v1,Medium,E2; E3; E22; E26; E34; E41; E43,E3; E22; E41,none_in_v1,"Medium because the path has partial or indirect evidence support, but it does not satisfy all High criteria."
P687,vulnerability_or_configuration_exploitation,vulnerability_or_configuration_based_control,side_channel_fault_or_physical_attack,stage_9_manufacturing_testing,integrity,High,High,Low,observed_in_v1,Medium,E2; E3; E22; E26; E34; E41; E43,E3; E22; E41,none_in_v1,"Medium because the path has partial or indirect evidence support, but it does not satisfy all High criteria."
P688,vulnerability_or_configuration_exploitation,vulnerability_or_configuration_based_control,side_channel_fault_or_physical_attack,stage_9_manufacturing_testing,availability,High,High,Low,observed_in_v1,Medium,E2; E3; E22; E26; E34; E41; E43,E3; E22; E41,none_in_v1,"Medium because the path has partial or indirect evidence support, but it does not satisfy all High criteria."
P689,vulnerability_or_configuration_exploitation,vulnerability_or_configuration_based_control,hls_induced_security_vulnerability,stage_1_high_level_synthesis,confidentiality,High,High,Low,observed_in_v1,Medium,E2; E3; E22; E26; E34; E41; E43,E3; E22; E41,none_in_v1,"Medium because the path has partial or indirect evidence support, but it does not satisfy all High criteria."
P690,vulnerability_or_configuration_exploitation,vulnerability_or_configuration_based_control,hls_induced_security_vulnerability,stage_1_high_level_synthesis,integrity,High,High,Low,observed_in_v1,Medium,E2; E3; E22; E26; E34; E41; E43,E3; E22; E41,none_in_v1,"Medium because the path has partial or indirect evidence support, but it does not satisfy all High criteria."
P691,vulnerability_or_configuration_exploitation,vulnerability_or_configuration_based_control,hls_induced_security_vulnerability,stage_1_high_level_synthesis,availability,High,High,Low,observed_in_v1,Medium,E2; E3; E22; E26; E34; E41; E43,E3; E22; E41,none_in_v1,"Medium because the path has partial or indirect evidence support, but it does not satisfy all High criteria."
P692,vulnerability_or_configuration_exploitation,vulnerability_or_configuration_based_control,hls_induced_security_vulnerability,stage_2_logic_synthesis,confidentiality,High,High,Low,observed_in_v1,Medium,E2; E3; E22; E26; E34; E41; E43,E3; E22; E41,none_in_v1,"Medium because the path has partial or indirect evidence support, but it does not satisfy all High criteria."
P693,vulnerability_or_configuration_exploitation,vulnerability_or_configuration_based_control,hls_induced_security_vulnerability,stage_2_logic_synthesis,integrity,High,High,Low,observed_in_v1,Medium,E2; E3; E22; E26; E34; E41; E43,E3; E22; E41,none_in_v1,"Medium because the path has partial or indirect evidence support, but it does not satisfy all High criteria."
P694,vulnerability_or_configuration_exploitation,vulnerability_or_configuration_based_control,hls_induced_security_vulnerability,stage_2_logic_synthesis,availability,High,High,Low,observed_in_v1,Medium,E2; E3; E22; E26; E34; E41; E43,E3; E22; E41,none_in_v1,"Medium because the path has partial or indirect evidence support, but it does not satisfy all High criteria."
P695,vulnerability_or_configuration_exploitation,vulnerability_or_configuration_based_control,hls_induced_security_vulnerability,stage_3_post_synthesis_verification,confidentiality,High,High,Low,observed_in_v1,Medium,E2; E3; E22; E26; E34; E41; E43,E3; E22; E41,none_in_v1,"Medium because the path has partial or indirect evidence support, but it does not satisfy all High criteria."
P696,vulnerability_or_configuration_exploitation,vulnerability_or_configuration_based_control,hls_induced_security_vulnerability,stage_3_post_synthesis_verification,integrity,High,High,Low,observed_in_v1,Medium,E2; E3; E22; E26; E34; E41; E43,E3; E22; E41,none_in_v1,"Medium because the path has partial or indirect evidence support, but it does not satisfy all High criteria."
P697,vulnerability_or_configuration_exploitation,vulnerability_or_configuration_based_control,hls_induced_security_vulnerability,stage_3_post_synthesis_verification,availability,High,High,Low,observed_in_v1,Medium,E2; E3; E22; E26; E34; E41; E43,E3; E22; E41,none_in_v1,"Medium because the path has partial or indirect evidence support, but it does not satisfy all High criteria."
P698,vulnerability_or_configuration_exploitation,vulnerability_or_configuration_based_control,access_abuse_or_system_disruption,stage_0_design_specification,integrity,High,High,Medium,not_observed_in_v1,Medium,E2; E3; E22; E26; E34; E41; E43,E3; E22; E41,E10; E49; E50,"Medium because the path has partial or indirect evidence support, but it does not satisfy all High criteria."
P699,vulnerability_or_configuration_exploitation,vulnerability_or_configuration_based_control,access_abuse_or_system_disruption,stage_0_design_specification,availability,High,High,Medium,not_observed_in_v1,Medium,E2; E3; E22; E26; E34; E41; E43,E3; E22; E41,E10; E49; E50,"Medium because the path has partial or indirect evidence support, but it does not satisfy all High criteria."
P700,vulnerability_or_configuration_exploitation,vulnerability_or_configuration_based_control,access_abuse_or_system_disruption,stage_1_high_level_synthesis,integrity,High,High,Medium,observed_in_v1,High,E2; E3; E22; E26; E34; E41; E43,E3; E22; E41,E10; E49; E50,"High because the A_sw category and M_sw capability both have High evidence support, the VLSI-side category has at least Medium support, and the stage is observed in the v1 evidence."
P701,vulnerability_or_configuration_exploitation,vulnerability_or_configuration_based_control,access_abuse_or_system_disruption,stage_1_high_level_synthesis,availability,High,High,Medium,observed_in_v1,High,E2; E3; E22; E26; E34; E41; E43,E3; E22; E41,E10; E49; E50,"High because the A_sw category and M_sw capability both have High evidence support, the VLSI-side category has at least Medium support, and the stage is observed in the v1 evidence."
P702,vulnerability_or_configuration_exploitation,vulnerability_or_configuration_based_control,access_abuse_or_system_disruption,stage_2_logic_synthesis,integrity,High,High,Medium,observed_in_v1,High,E2; E3; E22; E26; E34; E41; E43,E3; E22; E41,E10; E49; E50,"High because the A_sw category and M_sw capability both have High evidence support, the VLSI-side category has at least Medium support, and the stage is observed in the v1 evidence."
P703,vulnerability_or_configuration_exploitation,vulnerability_or_configuration_based_control,access_abuse_or_system_disruption,stage_2_logic_synthesis,availability,High,High,Medium,observed_in_v1,High,E2; E3; E22; E26; E34; E41; E43,E3; E22; E41,E10; E49; E50,"High because the A_sw category and M_sw capability both have High evidence support, the VLSI-side category has at least Medium support, and the stage is observed in the v1 evidence."
P704,vulnerability_or_configuration_exploitation,vulnerability_or_configuration_based_control,access_abuse_or_system_disruption,stage_3_post_synthesis_verification,integrity,High,High,Medium,observed_in_v1,High,E2; E3; E22; E26; E34; E41; E43,E3; E22; E41,E10; E49; E50,"High because the A_sw category and M_sw capability both have High evidence support, the VLSI-side category has at least Medium support, and the stage is observed in the v1 evidence."
P705,vulnerability_or_configuration_exploitation,vulnerability_or_configuration_based_control,access_abuse_or_system_disruption,stage_3_post_synthesis_verification,availability,High,High,Medium,observed_in_v1,High,E2; E3; E22; E26; E34; E41; E43,E3; E22; E41,E10; E49; E50,"High because the A_sw category and M_sw capability both have High evidence support, the VLSI-side category has at least Medium support, and the stage is observed in the v1 evidence."
P706,vulnerability_or_configuration_exploitation,vulnerability_or_configuration_based_control,access_abuse_or_system_disruption,stage_4_design_for_testability,integrity,High,High,Medium,observed_in_v1,High,E2; E3; E22; E26; E34; E41; E43,E3; E22; E41,E10; E49; E50,"High because the A_sw category and M_sw capability both have High evidence support, the VLSI-side category has at least Medium support, and the stage is observed in the v1 evidence."
P707,vulnerability_or_configuration_exploitation,vulnerability_or_configuration_based_control,access_abuse_or_system_disruption,stage_4_design_for_testability,availability,High,High,Medium,observed_in_v1,High,E2; E3; E22; E26; E34; E41; E43,E3; E22; E41,E10; E49; E50,"High because the A_sw category and M_sw capability both have High evidence support, the VLSI-side category has at least Medium support, and the stage is observed in the v1 evidence."
P708,vulnerability_or_configuration_exploitation,vulnerability_or_configuration_based_control,access_abuse_or_system_disruption,stage_5_placement_and_routing,integrity,High,High,Medium,observed_in_v1,High,E2; E3; E22; E26; E34; E41; E43,E3; E22; E41,E10; E49; E50,"High because the A_sw category and M_sw capability both have High evidence support, the VLSI-side category has at least Medium support, and the stage is observed in the v1 evidence."
P709,vulnerability_or_configuration_exploitation,vulnerability_or_configuration_based_control,access_abuse_or_system_disruption,stage_5_placement_and_routing,availability,High,High,Medium,observed_in_v1,High,E2; E3; E22; E26; E34; E41; E43,E3; E22; E41,E10; E49; E50,"High because the A_sw category and M_sw capability both have High evidence support, the VLSI-side category has at least Medium support, and the stage is observed in the v1 evidence."
P710,vulnerability_or_configuration_exploitation,vulnerability_or_configuration_based_control,access_abuse_or_system_disruption,stage_6_static_timing_analysis,integrity,High,High,Medium,observed_in_v1,High,E2; E3; E22; E26; E34; E41; E43,E3; E22; E41,E10; E49; E50,"High because the A_sw category and M_sw capability both have High evidence support, the VLSI-side category has at least Medium support, and the stage is observed in the v1 evidence."
P711,vulnerability_or_configuration_exploitation,vulnerability_or_configuration_based_control,access_abuse_or_system_disruption,stage_6_static_timing_analysis,availability,High,High,Medium,observed_in_v1,High,E2; E3; E22; E26; E34; E41; E43,E3; E22; E41,E10; E49; E50,"High because the A_sw category and M_sw capability both have High evidence support, the VLSI-side category has at least Medium support, and the stage is observed in the v1 evidence."
P712,vulnerability_or_configuration_exploitation,vulnerability_or_configuration_based_control,access_abuse_or_system_disruption,stage_7_physical_verification_and_signoff,integrity,High,High,Medium,observed_in_v1,High,E2; E3; E22; E26; E34; E41; E43,E3; E22; E41,E10; E49; E50,"High because the A_sw category and M_sw capability both have High evidence support, the VLSI-side category has at least Medium support, and the stage is observed in the v1 evidence."
P713,vulnerability_or_configuration_exploitation,vulnerability_or_configuration_based_control,access_abuse_or_system_disruption,stage_7_physical_verification_and_signoff,availability,High,High,Medium,observed_in_v1,High,E2; E3; E22; E26; E34; E41; E43,E3; E22; E41,E10; E49; E50,"High because the A_sw category and M_sw capability both have High evidence support, the VLSI-side category has at least Medium support, and the stage is observed in the v1 evidence."
P714,vulnerability_or_configuration_exploitation,vulnerability_or_configuration_based_control,access_abuse_or_system_disruption,stage_8_post_silicon_validation,integrity,High,High,Medium,not_observed_in_v1,Medium,E2; E3; E22; E26; E34; E41; E43,E3; E22; E41,E10; E49; E50,"Medium because the path has partial or indirect evidence support, but it does not satisfy all High criteria."
P715,vulnerability_or_configuration_exploitation,vulnerability_or_configuration_based_control,access_abuse_or_system_disruption,stage_8_post_silicon_validation,availability,High,High,Medium,not_observed_in_v1,Medium,E2; E3; E22; E26; E34; E41; E43,E3; E22; E41,E10; E49; E50,"Medium because the path has partial or indirect evidence support, but it does not satisfy all High criteria."
P716,vulnerability_or_configuration_exploitation,vulnerability_or_configuration_based_control,access_abuse_or_system_disruption,stage_9_manufacturing_testing,integrity,High,High,Medium,observed_in_v1,High,E2; E3; E22; E26; E34; E41; E43,E3; E22; E41,E10; E49; E50,"High because the A_sw category and M_sw capability both have High evidence support, the VLSI-side category has at least Medium support, and the stage is observed in the v1 evidence."
P717,vulnerability_or_configuration_exploitation,vulnerability_or_configuration_based_control,access_abuse_or_system_disruption,stage_9_manufacturing_testing,availability,High,High,Medium,observed_in_v1,High,E2; E3; E22; E26; E34; E41; E43,E3; E22; E41,E10; E49; E50,"High because the A_sw category and M_sw capability both have High evidence support, the VLSI-side category has at least Medium support, and the stage is observed in the v1 evidence."
