M_sw,M_vlsi,bridge_reason,decision
attacker_controlled_malicious_software_artifact,illegal_access_or_use_of_design_ip,Malicious software artifact can access design/IP files consumed in the VLSI flow,keep
attacker_controlled_malicious_software_artifact,design_ip_extraction,Malicious software artifact can read or extract design IP during the flow,keep
attacker_controlled_malicious_software_artifact,unauthorized_design_copying,Malicious software artifact can copy design artifacts available to the tool or dependency,keep
attacker_controlled_malicious_software_artifact,ic_functionality_or_feature_modification,Malicious software artifact can modify generated design functionality or features,keep
attacker_controlled_malicious_software_artifact,malicious_hardware_component_insertion,Malicious software artifact can insert malicious hardware logic or components into generated design artifacts,keep
attacker_controlled_malicious_software_artifact,additional_functionality_in_implementation,Malicious software artifact can add unintended functionality during design transformation,keep
attacker_controlled_malicious_software_artifact,extra_behavior_beyond_specification,Malicious software artifact can generate behavior beyond the intended specification,keep
attacker_controlled_malicious_software_artifact,unprotected_confidential_data_path,Malicious software artifact can weaken or alter protection around confidential data paths,keep
attacker_controlled_malicious_software_artifact,redundant_logic_payload,Malicious software artifact can insert redundant or hidden logic payloads,keep
attacker_controlled_malicious_software_artifact,hard_to_excite_trigger_signal,Malicious software artifact can introduce rare or hard-to-excite trigger conditions,keep
attacker_controlled_malicious_software_artifact,untestable_or_suspicious_logic,Malicious software artifact can introduce logic that is difficult to test or observe,keep
attacker_controlled_malicious_software_artifact,malicious_design_alteration_before_fabrication,Malicious software artifact can alter design artifacts before fabrication,keep
attacker_controlled_malicious_software_artifact,original_circuitry_modification,Malicious software artifact can modify the original circuit description or generated circuit,keep
attacker_controlled_malicious_software_artifact,add_remove_or_bypass_logic,Malicious software artifact can add remove or bypass logic in the design,keep
attacker_controlled_malicious_software_artifact,presynthesis_structural_manipulation,Malicious software artifact can manipulate design structure before synthesis,keep
attacker_controlled_malicious_software_artifact,fsm_state_manipulation,Malicious software artifact can alter FSM behavior in the design description,keep
attacker_controlled_malicious_software_artifact,embedded_trojan_states,Malicious software artifact can insert hidden Trojan states into an FSM,keep
attacker_controlled_malicious_software_artifact,hidden_fsm_driver,Malicious software artifact can hide driver behavior inside FSM logic,keep
attacker_controlled_malicious_software_artifact,unremovable_trojan_in_functionality,Malicious software artifact can merge Trojan behavior with intended design functionality,keep
attacker_controlled_malicious_software_artifact,rtl_design_attack,Malicious software artifact can modify RTL or design logic,keep
attacker_controlled_malicious_software_artifact,functional_test_evasion,Malicious software artifact can produce behavior that passes functional tests while hiding malicious logic,review
attacker_controlled_malicious_software_artifact,security_asset_leakage_to_observable_points,Malicious software artifact can transform security assets so they become observable,keep
attacker_controlled_malicious_software_artifact,break_intended_execution_flow,Malicious software artifact can alter generated control or execution behavior,keep
attacker_controlled_malicious_software_artifact,power_or_time_side_channel_exposure,Malicious software artifact can generate design structures that expose power or timing side channels,review
attacker_controlled_legitimate_software_artifact,illegal_access_or_use_of_design_ip,Attacker-controlled legitimate artifact can access design/IP files because it is trusted and consumed in the VLSI flow,keep
attacker_controlled_legitimate_software_artifact,design_ip_extraction,Attacker-controlled legitimate artifact can read or extract design IP during normal tool or dependency execution,keep
attacker_controlled_legitimate_software_artifact,unauthorized_design_copying,Attacker-controlled legitimate artifact can copy design artifacts available during the flow,keep
attacker_controlled_legitimate_software_artifact,ic_functionality_or_feature_modification,Attacker-controlled legitimate artifact can modify generated design functionality or features,keep
attacker_controlled_legitimate_software_artifact,malicious_hardware_component_insertion,Attacker-controlled legitimate artifact can insert malicious hardware logic or components into generated design artifacts,keep
attacker_controlled_legitimate_software_artifact,additional_functionality_in_implementation,Attacker-controlled legitimate artifact can add unintended functionality while still appearing legitimate,keep
attacker_controlled_legitimate_software_artifact,extra_behavior_beyond_specification,Attacker-controlled legitimate artifact can produce behavior beyond the intended design specification,keep
attacker_controlled_legitimate_software_artifact,unprotected_confidential_data_path,Attacker-controlled legitimate artifact can weaken protection around confidential data paths,keep
attacker_controlled_legitimate_software_artifact,redundant_logic_payload,Attacker-controlled legitimate artifact can introduce redundant or hidden logic payloads,keep
attacker_controlled_legitimate_software_artifact,hard_to_excite_trigger_signal,Attacker-controlled legitimate artifact can introduce rare or hard-to-excite trigger conditions,review
attacker_controlled_legitimate_software_artifact,untestable_or_suspicious_logic,Attacker-controlled legitimate artifact can introduce logic that is difficult to test or observe,review
attacker_controlled_legitimate_software_artifact,malicious_design_alteration_before_fabrication,Attacker-controlled legitimate artifact can carry malicious design alteration before fabrication,keep
attacker_controlled_legitimate_software_artifact,original_circuitry_modification,Attacker-controlled legitimate artifact can modify the original circuit description or generated circuit,keep
attacker_controlled_legitimate_software_artifact,add_remove_or_bypass_logic,Attacker-controlled legitimate artifact can add remove or bypass logic in the design,keep
attacker_controlled_legitimate_software_artifact,presynthesis_structural_manipulation,Attacker-controlled legitimate artifact can manipulate design structure before synthesis,keep
attacker_controlled_legitimate_software_artifact,fsm_state_manipulation,Attacker-controlled legitimate artifact can alter FSM behavior when it affects source or generated design logic,keep
attacker_controlled_legitimate_software_artifact,embedded_trojan_states,Attacker-controlled legitimate artifact can introduce hidden Trojan states into FSM logic,keep
attacker_controlled_legitimate_software_artifact,hidden_fsm_driver,Attacker-controlled legitimate artifact can hide driver behavior inside FSM logic,keep
attacker_controlled_legitimate_software_artifact,unremovable_trojan_in_functionality,Attacker-controlled legitimate artifact can merge Trojan behavior with intended design functionality,keep
attacker_controlled_legitimate_software_artifact,rtl_design_attack,Attacker-controlled legitimate artifact can modify RTL or design logic while appearing trusted,keep
attacker_controlled_legitimate_software_artifact,functional_test_evasion,Attacker-controlled legitimate artifact can produce behavior that passes functional tests while hiding malicious logic,review
attacker_controlled_legitimate_software_artifact,security_asset_leakage_to_observable_points,Attacker-controlled legitimate artifact can transform security assets so they become observable,keep
attacker_controlled_legitimate_software_artifact,break_intended_execution_flow,Attacker-controlled legitimate artifact can alter generated control or execution behavior,keep
attacker_controlled_legitimate_software_artifact,power_or_time_side_channel_exposure,Attacker-controlled legitimate artifact can generate structures that expose power or timing side channels,review
attacker_controlled_legitimate_software_artifact,malicious_firmware_modification,Attacker-controlled legitimate artifact can deliver modified firmware or bitstream-like content if the artifact is consumed in that form,review
attacker_controlled_build_artifact,ic_functionality_or_feature_modification,Compromised build artifact can carry modified design functionality or features into the VLSI flow,keep
attacker_controlled_build_artifact,malicious_hardware_component_insertion,Compromised build artifact can include malicious hardware logic or components in generated design artifacts,keep
attacker_controlled_build_artifact,additional_functionality_in_implementation,Compromised build artifact can add unintended functionality to the implementation,keep
attacker_controlled_build_artifact,extra_behavior_beyond_specification,Compromised build artifact can contain behavior beyond the intended specification,keep
attacker_controlled_build_artifact,redundant_logic_payload,Compromised build artifact can carry redundant or hidden logic payloads,keep
attacker_controlled_build_artifact,hard_to_excite_trigger_signal,Compromised build artifact can include rare or hard-to-excite trigger signals,review
attacker_controlled_build_artifact,untestable_or_suspicious_logic,Compromised build artifact can include logic that is difficult to test or observe,keep
attacker_controlled_build_artifact,malicious_design_alteration_before_fabrication,Compromised build artifact can carry malicious design alterations before fabrication,keep
attacker_controlled_build_artifact,original_circuitry_modification,Compromised build artifact can modify the original circuit description or generated circuit,keep
attacker_controlled_build_artifact,add_remove_or_bypass_logic,Compromised build artifact can add remove or bypass logic in the design,keep
attacker_controlled_build_artifact,presynthesis_structural_manipulation,Compromised build artifact can carry manipulated design structure before synthesis,keep
attacker_controlled_build_artifact,fsm_state_manipulation,Compromised build artifact can carry altered FSM behavior into generated design logic,keep
attacker_controlled_build_artifact,embedded_trojan_states,Compromised build artifact can include hidden Trojan states in FSM logic,keep
attacker_controlled_build_artifact,hidden_fsm_driver,Compromised build artifact can include hidden driver behavior inside FSM logic,keep
attacker_controlled_build_artifact,unremovable_trojan_in_functionality,Compromised build artifact can merge Trojan behavior with intended functionality,keep
attacker_controlled_build_artifact,rtl_design_attack,Compromised build artifact can carry modified RTL or design logic,keep
attacker_controlled_build_artifact,functional_test_evasion,Compromised build artifact can preserve malicious behavior while still passing functional tests,review
attacker_controlled_build_artifact,security_asset_leakage_to_observable_points,Compromised build artifact can expose security assets at observable points,keep
attacker_controlled_build_artifact,break_intended_execution_flow,Compromised build artifact can alter generated control or execution behavior,keep
attacker_controlled_build_artifact,malicious_firmware_modification,Compromised build artifact can deliver modified firmware or bitstream-like content,review
attacker_controlled_source_code,ic_functionality_or_feature_modification,Attacker-controlled source code can modify the intended IC functionality or design features,keep
attacker_controlled_source_code,malicious_hardware_component_insertion,Attacker-controlled source code can introduce malicious hardware logic or components into the design,keep
attacker_controlled_source_code,trojan_based_information_leakage,Attacker-controlled source code can add logic that leaks sensitive information,keep
attacker_controlled_source_code,extra_functionality_in_hardware,Attacker-controlled source code can add extra hardware functionality beyond the intended design,keep
attacker_controlled_source_code,additional_functionality_in_implementation,Attacker-controlled source code can introduce additional functionality in the implementation,keep
attacker_controlled_source_code,extra_task_without_functional_tamper,Attacker-controlled source code can add extra malicious tasks while preserving normal functionality,keep
attacker_controlled_source_code,rare_event_trigger,Attacker-controlled source code can introduce rare-event trigger conditions,keep
attacker_controlled_source_code,unprotected_confidential_data_path,Attacker-controlled source code can create or leave an unprotected path from confidential data,keep
attacker_controlled_source_code,extra_behavior_beyond_specification,Attacker-controlled source code can create behavior beyond the design specification,keep
attacker_controlled_source_code,redundant_logic_payload,Attacker-controlled source code can insert redundant or hidden payload logic,keep
attacker_controlled_source_code,hard_to_excite_trigger_signal,Attacker-controlled source code can introduce hard-to-excite trigger signals,keep
attacker_controlled_source_code,untestable_or_suspicious_logic,Attacker-controlled source code can introduce suspicious or difficult-to-test logic,keep
attacker_controlled_source_code,malicious_design_alteration_before_fabrication,Attacker-controlled source code can alter the design before fabrication,keep
attacker_controlled_source_code,original_circuitry_modification,Attacker-controlled source code can modify the original circuit description,keep
attacker_controlled_source_code,add_remove_or_bypass_logic,Attacker-controlled source code can add remove or bypass logic in the design,keep
attacker_controlled_source_code,internal_logic_or_state_trigger,Attacker-controlled source code can introduce internal logic or state-based trigger behavior,keep
attacker_controlled_source_code,internal_logic_state_or_input_pattern_trigger,Attacker-controlled source code can introduce trigger logic based on internal state or input patterns,keep
attacker_controlled_source_code,key_information_transmission,Attacker-controlled source code can add logic that transmits key or sensitive information,keep
attacker_controlled_source_code,presynthesis_structural_manipulation,Attacker-controlled source code can manipulate design structure before synthesis,keep
attacker_controlled_source_code,fsm_state_manipulation,Attacker-controlled source code can alter FSM behavior in the design description,keep
attacker_controlled_source_code,embedded_trojan_states,Attacker-controlled source code can introduce hidden Trojan states into an FSM,keep
attacker_controlled_source_code,hidden_fsm_driver,Attacker-controlled source code can hide driver behavior inside FSM logic,keep
attacker_controlled_source_code,unremovable_trojan_in_functionality,Attacker-controlled source code can merge Trojan behavior with intended functionality,keep
attacker_controlled_source_code,rtl_design_attack,Attacker-controlled source code can directly modify RTL or design logic,keep
attacker_controlled_source_code,functional_test_evasion,Attacker-controlled source code can implement malicious behavior that still passes functional tests,keep
attacker_controlled_source_code,security_asset_leakage_to_observable_points,Attacker-controlled source code can cause security assets to propagate to observable points,keep
attacker_controlled_source_code,break_intended_execution_flow,Attacker-controlled source code can break or alter intended execution/control flow,keep
attacker_controlled_source_code,power_or_time_side_channel_exposure,Attacker-controlled source code can introduce structures that leak through power or timing behavior,review
attacker_controlled_source_code,sensitive_register_retention_after_reset,Attacker-controlled source code can omit or weaken reset behavior for sensitive registers,keep
attacker_controlled_source_code,insecure_unknown_state_after_reset,Attacker-controlled source code can leave registers or logic in insecure unknown states after reset,keep
attacker_controlled_source_code,intermediate_values_reflected_at_primary_output,Attacker-controlled source code can expose intermediate values at primary outputs,keep
attacker_controlled_source_code,data_latching_without_secure_start_control,Attacker-controlled source code can create unsafe latching behavior without secure start control,keep
attacker_controlled_source_code,sensitive_operation_scheduled_before_security_condition,Attacker-controlled source code can place sensitive operations before required security conditions,keep
attacker_controlled_source_code,intermediate_registers_not_cleared_on_reset,Attacker-controlled source code can leave intermediate registers uncleared after reset,keep
attacker_controlled_source_code,output_register_retains_previous_sensitive_value,Attacker-controlled source code can cause output registers to retain previous sensitive values,keep
attacker_controlled_source_code,intermediate_comparison_results_reflected_at_output,Attacker-controlled source code can expose intermediate comparison results at outputs,keep
attacker_controlled_source_code,free_running_mode_input_latching,Attacker-controlled source code can cause unsafe input latching in free-running mode,keep
attacker_controlled_source_code,bypass_intermediate_round_operations,Attacker-controlled source code can bypass intermediate operations in a security-critical computation,keep
attacker_controlled_source_code,dangerous_dont_care_propagation,Attacker-controlled source code can introduce or preserve dangerous don't-care behavior,keep
attacker_controlled_source_code,asset_propagation_to_observable_nodes,Attacker-controlled source code can cause security assets to propagate to observable RTL nodes,keep
attacker_controlled_released_artifact,illegal_access_or_use_of_design_ip,Attacker-controlled released artifact can access design or IP files when consumed in the VLSI flow,keep
attacker_controlled_released_artifact,design_ip_extraction,Attacker-controlled released artifact can read or extract design IP during downstream use,keep
attacker_controlled_released_artifact,unauthorized_design_copying,Attacker-controlled released artifact can copy design artifacts available during execution or integration,keep
attacker_controlled_released_artifact,ic_functionality_or_feature_modification,Attacker-controlled released artifact can carry modified IC functionality or design features,keep
attacker_controlled_released_artifact,malicious_hardware_component_insertion,Attacker-controlled released artifact can include malicious hardware logic or components,keep
attacker_controlled_released_artifact,extra_functionality_in_hardware,Attacker-controlled released artifact can introduce extra hardware functionality beyond the intended design,keep
attacker_controlled_released_artifact,additional_functionality_in_implementation,Attacker-controlled released artifact can add unintended functionality to the implementation,keep
attacker_controlled_released_artifact,extra_behavior_beyond_specification,Attacker-controlled released artifact can produce behavior beyond the intended specification,keep
attacker_controlled_released_artifact,unprotected_confidential_data_path,Attacker-controlled released artifact can weaken or alter protection around confidential data paths,keep
attacker_controlled_released_artifact,redundant_logic_payload,Attacker-controlled released artifact can carry redundant or hidden payload logic,keep
attacker_controlled_released_artifact,hard_to_excite_trigger_signal,Attacker-controlled released artifact can include rare or hard-to-excite trigger signals,review
attacker_controlled_released_artifact,untestable_or_suspicious_logic,Attacker-controlled released artifact can include suspicious or difficult-to-test logic,keep
attacker_controlled_released_artifact,malicious_design_alteration_before_fabrication,Attacker-controlled released artifact can carry malicious design alterations before fabrication,keep
attacker_controlled_released_artifact,original_circuitry_modification,Attacker-controlled released artifact can modify the original circuit description or generated circuit,keep
attacker_controlled_released_artifact,add_remove_or_bypass_logic,Attacker-controlled released artifact can add remove or bypass logic in the design,keep
attacker_controlled_released_artifact,presynthesis_structural_manipulation,Attacker-controlled released artifact can carry structural manipulation before synthesis,keep
attacker_controlled_released_artifact,fsm_state_manipulation,Attacker-controlled released artifact can carry altered FSM behavior into the design flow,keep
attacker_controlled_released_artifact,embedded_trojan_states,Attacker-controlled released artifact can include hidden Trojan states in FSM logic,keep
attacker_controlled_released_artifact,hidden_fsm_driver,Attacker-controlled released artifact can include hidden driver behavior inside FSM logic,keep
attacker_controlled_released_artifact,unremovable_trojan_in_functionality,Attacker-controlled released artifact can merge Trojan behavior with intended design functionality,keep
attacker_controlled_released_artifact,rtl_design_attack,Attacker-controlled released artifact can carry modified RTL or design logic,keep
attacker_controlled_released_artifact,functional_test_evasion,Attacker-controlled released artifact can preserve malicious behavior while still passing functional tests,review
attacker_controlled_released_artifact,malicious_firmware_modification,Attacker-controlled released artifact can deliver modified firmware or bitstream-like content,keep
attacker_controlled_released_artifact,trojan_delayed_disable_or_destroy,Attacker-controlled released artifact can carry Trojan behavior that disables or destroys functionality later,review
attacker_controlled_released_artifact,trojan_covert_information_leakage,Attacker-controlled released artifact can carry Trojan behavior that leaks confidential information,keep
attacker_controlled_released_artifact,security_asset_leakage_to_observable_points,Attacker-controlled released artifact can expose security assets at observable points,keep
attacker_controlled_released_artifact,break_intended_execution_flow,Attacker-controlled released artifact can alter generated control or execution behavior,keep
attacker_controlled_released_artifact,power_or_time_side_channel_exposure,Attacker-controlled released artifact can introduce structures that expose power or timing side channels,review
attacker_controlled_hidden_source_change,ic_functionality_or_feature_modification,Hidden source changes can modify intended IC functionality or design features,keep
attacker_controlled_hidden_source_change,malicious_hardware_component_insertion,Hidden source changes can introduce malicious hardware logic or components into the design,keep
attacker_controlled_hidden_source_change,trojan_based_information_leakage,Hidden source changes can add logic that leaks sensitive information,keep
attacker_controlled_hidden_source_change,extra_functionality_in_hardware,Hidden source changes can add extra hardware functionality beyond the intended design,keep
attacker_controlled_hidden_source_change,additional_functionality_in_implementation,Hidden source changes can introduce additional functionality in the implementation,keep
attacker_controlled_hidden_source_change,extra_task_without_functional_tamper,Hidden source changes can add malicious tasks while preserving normal functionality,keep
attacker_controlled_hidden_source_change,rare_event_trigger,Hidden source changes can introduce rare-event trigger conditions,keep
attacker_controlled_hidden_source_change,power_or_aging_trigger,Hidden source changes can introduce trigger behavior based on power or aging conditions,review
attacker_controlled_hidden_source_change,unprotected_confidential_data_path,Hidden source changes can create or leave an unprotected path from confidential data,keep
attacker_controlled_hidden_source_change,extra_behavior_beyond_specification,Hidden source changes can create behavior beyond the intended design specification,keep
attacker_controlled_hidden_source_change,redundant_logic_payload,Hidden source changes can insert redundant or hidden payload logic,keep
attacker_controlled_hidden_source_change,hard_to_excite_trigger_signal,Hidden source changes can introduce hard-to-excite trigger signals,keep
attacker_controlled_hidden_source_change,untestable_or_suspicious_logic,Hidden source changes can introduce suspicious or difficult-to-test logic,keep
attacker_controlled_hidden_source_change,malicious_design_alteration_before_fabrication,Hidden source changes can alter design artifacts before fabrication,keep
attacker_controlled_hidden_source_change,original_circuitry_modification,Hidden source changes can modify the original circuit description,keep
attacker_controlled_hidden_source_change,add_remove_or_bypass_logic,Hidden source changes can add remove or bypass logic in the design,keep
attacker_controlled_hidden_source_change,internal_logic_or_state_trigger,Hidden source changes can introduce internal logic or state-based trigger behavior,keep
attacker_controlled_hidden_source_change,internal_logic_state_or_input_pattern_trigger,Hidden source changes can introduce trigger logic based on internal state or input patterns,keep
attacker_controlled_hidden_source_change,key_information_transmission,Hidden source changes can add logic that transmits key or sensitive information,keep
attacker_controlled_hidden_source_change,presynthesis_structural_manipulation,Hidden source changes can manipulate design structure before synthesis,keep
attacker_controlled_hidden_source_change,fsm_state_manipulation,Hidden source changes can alter FSM behavior in the design description,keep
attacker_controlled_hidden_source_change,embedded_trojan_states,Hidden source changes can introduce hidden Trojan states into an FSM,keep
attacker_controlled_hidden_source_change,hidden_fsm_driver,Hidden source changes can hide driver behavior inside FSM logic,keep
attacker_controlled_hidden_source_change,unremovable_trojan_in_functionality,Hidden source changes can merge Trojan behavior with intended functionality,keep
attacker_controlled_hidden_source_change,rtl_design_attack,Hidden source changes can directly modify RTL or design logic,keep
attacker_controlled_hidden_source_change,functional_test_evasion,Hidden source changes can implement malicious behavior that still passes functional tests,keep
attacker_controlled_hidden_source_change,security_asset_leakage_to_observable_points,Hidden source changes can cause security assets to propagate to observable points,keep
attacker_controlled_hidden_source_change,break_intended_execution_flow,Hidden source changes can break or alter intended execution or control flow,keep
attacker_controlled_hidden_source_change,power_or_time_side_channel_exposure,Hidden source changes can introduce structures that leak through power or timing behavior,review
attacker_controlled_hidden_source_change,dangerous_dont_care_propagation,Hidden source changes can introduce or preserve dangerous don't-care behavior,keep
attacker_controlled_hidden_source_change,asset_propagation_to_observable_nodes,Hidden source changes can cause security assets to propagate to observable RTL nodes,keep
compromised_legitimate_account_control,illegal_access_or_use_of_design_ip,Compromised legitimate account can access design or IP files using trusted account permissions,keep
compromised_legitimate_account_control,design_ip_extraction,Compromised legitimate account can read or extract design IP available to that account,keep
compromised_legitimate_account_control,unauthorized_design_copying,Compromised legitimate account can copy design artifacts from repositories or project workspaces,keep
compromised_legitimate_account_control,unauthorized_ip_use,Compromised legitimate account can misuse IP artifacts available through legitimate access,keep
compromised_legitimate_account_control,ic_functionality_or_feature_modification,Compromised legitimate account can modify design files to change IC functionality or features,keep
compromised_legitimate_account_control,malicious_hardware_component_insertion,Compromised legitimate account can introduce malicious hardware logic into design artifacts,keep
compromised_legitimate_account_control,trojan_based_information_leakage,Compromised legitimate account can add or commit logic that leaks sensitive information,keep
compromised_legitimate_account_control,additional_functionality_in_implementation,Compromised legitimate account can introduce additional functionality into the implementation,keep
compromised_legitimate_account_control,extra_task_without_functional_tamper,Compromised legitimate account can add malicious tasks while preserving normal functionality,keep
compromised_legitimate_account_control,rare_event_trigger,Compromised legitimate account can introduce rare-event trigger logic into the design,keep
compromised_legitimate_account_control,unprotected_confidential_data_path,Compromised legitimate account can modify design logic to leave confidential data paths unprotected,keep
compromised_legitimate_account_control,extra_behavior_beyond_specification,Compromised legitimate account can introduce behavior beyond the intended design specification,keep
compromised_legitimate_account_control,redundant_logic_payload,Compromised legitimate account can add redundant or hidden payload logic,keep
compromised_legitimate_account_control,hard_to_excite_trigger_signal,Compromised legitimate account can introduce hard-to-excite trigger signals,keep
compromised_legitimate_account_control,untestable_or_suspicious_logic,Compromised legitimate account can introduce suspicious or difficult-to-test logic,keep
compromised_legitimate_account_control,malicious_design_alteration_before_fabrication,Compromised legitimate account can alter design artifacts before fabrication,keep
compromised_legitimate_account_control,original_circuitry_modification,Compromised legitimate account can modify the original circuit description,keep
compromised_legitimate_account_control,add_remove_or_bypass_logic,Compromised legitimate account can add remove or bypass logic in the design,keep
compromised_legitimate_account_control,internal_logic_or_state_trigger,Compromised legitimate account can introduce internal logic or state-based trigger behavior,keep
compromised_legitimate_account_control,internal_logic_state_or_input_pattern_trigger,Compromised legitimate account can introduce trigger logic based on internal state or input patterns,keep
compromised_legitimate_account_control,key_information_transmission,Compromised legitimate account can add logic that transmits key or sensitive information,keep
compromised_legitimate_account_control,presynthesis_structural_manipulation,Compromised legitimate account can manipulate design structure before synthesis,keep
compromised_legitimate_account_control,fsm_state_manipulation,Compromised legitimate account can alter FSM behavior in the design description,keep
compromised_legitimate_account_control,embedded_trojan_states,Compromised legitimate account can introduce hidden Trojan states into an FSM,keep
compromised_legitimate_account_control,hidden_fsm_driver,Compromised legitimate account can hide driver behavior inside FSM logic,keep
compromised_legitimate_account_control,unremovable_trojan_in_functionality,Compromised legitimate account can merge Trojan behavior with intended functionality,keep
compromised_legitimate_account_control,rtl_design_attack,Compromised legitimate account can directly modify RTL or design logic,keep
compromised_legitimate_account_control,functional_test_evasion,Compromised legitimate account can introduce malicious logic that still passes functional tests,review
compromised_legitimate_account_control,security_asset_leakage_to_observable_points,Compromised legitimate account can modify design logic so security assets propagate to observable points,keep
compromised_legitimate_account_control,break_intended_execution_flow,Compromised legitimate account can alter intended execution or control flow,keep
compromised_legitimate_account_control,dangerous_dont_care_propagation,Compromised legitimate account can introduce or preserve dangerous don't-care behavior,keep
compromised_legitimate_account_control,asset_propagation_to_observable_nodes,Compromised legitimate account can cause security assets to propagate to observable RTL nodes,keep
compromised_maintainer_system_control,illegal_access_or_use_of_design_ip,Compromised maintainer system can access design or IP files available on the maintainer machine,keep
compromised_maintainer_system_control,design_ip_extraction,Compromised maintainer system can read or extract design IP from local repositories or workspaces,keep
compromised_maintainer_system_control,unauthorized_design_copying,Compromised maintainer system can copy design artifacts available to the maintainer,keep
compromised_maintainer_system_control,ic_functionality_or_feature_modification,Compromised maintainer system can modify design files or generated artifacts to change IC functionality,keep
compromised_maintainer_system_control,malicious_hardware_component_insertion,Compromised maintainer system can introduce malicious hardware logic into source or generated design artifacts,keep
compromised_maintainer_system_control,additional_functionality_in_implementation,Compromised maintainer system can add unintended functionality through source or build outputs,keep
compromised_maintainer_system_control,extra_behavior_beyond_specification,Compromised maintainer system can introduce behavior beyond the intended design specification,keep
compromised_maintainer_system_control,unprotected_confidential_data_path,Compromised maintainer system can modify design artifacts to leave confidential data paths unprotected,keep
compromised_maintainer_system_control,redundant_logic_payload,Compromised maintainer system can insert redundant or hidden payload logic,keep
compromised_maintainer_system_control,hard_to_excite_trigger_signal,Compromised maintainer system can introduce hard-to-excite trigger signals through source or generated artifacts,keep
compromised_maintainer_system_control,untestable_or_suspicious_logic,Compromised maintainer system can introduce suspicious or difficult-to-test logic,keep
compromised_maintainer_system_control,malicious_design_alteration_before_fabrication,Compromised maintainer system can alter design artifacts before fabrication,keep
compromised_maintainer_system_control,original_circuitry_modification,Compromised maintainer system can modify the original circuit description or generated circuit,keep
compromised_maintainer_system_control,add_remove_or_bypass_logic,Compromised maintainer system can add remove or bypass logic in the design,keep
compromised_maintainer_system_control,presynthesis_structural_manipulation,Compromised maintainer system can manipulate design structure before synthesis,keep
compromised_maintainer_system_control,fsm_state_manipulation,Compromised maintainer system can alter FSM behavior in source or generated design logic,keep
compromised_maintainer_system_control,embedded_trojan_states,Compromised maintainer system can introduce hidden Trojan states into FSM logic,keep
compromised_maintainer_system_control,hidden_fsm_driver,Compromised maintainer system can hide driver behavior inside FSM logic,keep
compromised_maintainer_system_control,unremovable_trojan_in_functionality,Compromised maintainer system can merge Trojan behavior with intended functionality,keep
compromised_maintainer_system_control,rtl_design_attack,Compromised maintainer system can modify RTL or design logic,keep
compromised_maintainer_system_control,functional_test_evasion,Compromised maintainer system can introduce malicious behavior that still passes functional tests,review
compromised_maintainer_system_control,security_asset_leakage_to_observable_points,Compromised maintainer system can modify design artifacts so security assets become observable,keep
compromised_maintainer_system_control,break_intended_execution_flow,Compromised maintainer system can alter intended execution or control flow,keep
compromised_maintainer_system_control,power_or_time_side_channel_exposure,Compromised maintainer system can introduce structures that leak through power or timing behavior,review
compromised_maintainer_system_control,malicious_firmware_modification,Compromised maintainer system can modify firmware or bitstream-like released artifacts,review
compromised_maintainer_system_control,dangerous_dont_care_propagation,Compromised maintainer system can introduce or preserve dangerous don't-care behavior,keep
compromised_maintainer_system_control,asset_propagation_to_observable_nodes,Compromised maintainer system can cause security assets to propagate to observable RTL nodes,keep
attacker_controlled_version_control_system,illegal_access_or_use_of_design_ip,Attacker-controlled version-control system can expose or allow access to design/IP files stored in the repository,keep
attacker_controlled_version_control_system,design_ip_extraction,Attacker-controlled version-control system can enable extraction of design IP from repository contents,keep
attacker_controlled_version_control_system,unauthorized_design_copying,Attacker-controlled version-control system can copy or expose design artifacts stored in the repository,keep
attacker_controlled_version_control_system,ic_functionality_or_feature_modification,Attacker-controlled version-control system can modify design files to change IC functionality or features,keep
attacker_controlled_version_control_system,malicious_hardware_component_insertion,Attacker-controlled version-control system can inject malicious hardware logic into source or design artifacts,keep
attacker_controlled_version_control_system,trojan_based_information_leakage,Attacker-controlled version-control system can introduce logic that leaks sensitive information,keep
attacker_controlled_version_control_system,additional_functionality_in_implementation,Attacker-controlled version-control system can add unintended functionality through modified source/design files,keep
attacker_controlled_version_control_system,extra_task_without_functional_tamper,Attacker-controlled version-control system can add malicious tasks while preserving normal functionality,keep
attacker_controlled_version_control_system,rare_event_trigger,Attacker-controlled version-control system can introduce rare-event trigger logic into design files,keep
attacker_controlled_version_control_system,unprotected_confidential_data_path,Attacker-controlled version-control system can modify design files to leave confidential data paths unprotected,keep
attacker_controlled_version_control_system,extra_behavior_beyond_specification,Attacker-controlled version-control system can introduce behavior beyond the intended design specification,keep
attacker_controlled_version_control_system,redundant_logic_payload,Attacker-controlled version-control system can add redundant or hidden payload logic,keep
attacker_controlled_version_control_system,hard_to_excite_trigger_signal,Attacker-controlled version-control system can introduce hard-to-excite trigger signals,keep
attacker_controlled_version_control_system,untestable_or_suspicious_logic,Attacker-controlled version-control system can introduce suspicious or difficult-to-test logic,keep
attacker_controlled_version_control_system,malicious_design_alteration_before_fabrication,Attacker-controlled version-control system can alter design artifacts before fabrication,keep
attacker_controlled_version_control_system,original_circuitry_modification,Attacker-controlled version-control system can modify the original circuit description,keep
attacker_controlled_version_control_system,add_remove_or_bypass_logic,Attacker-controlled version-control system can add remove or bypass logic in the design,keep
attacker_controlled_version_control_system,internal_logic_or_state_trigger,Attacker-controlled version-control system can introduce internal logic or state-based trigger behavior,keep
attacker_controlled_version_control_system,internal_logic_state_or_input_pattern_trigger,Attacker-controlled version-control system can introduce trigger logic based on internal state or input patterns,keep
attacker_controlled_version_control_system,key_information_transmission,Attacker-controlled version-control system can add logic that transmits key or sensitive information,keep
attacker_controlled_version_control_system,presynthesis_structural_manipulation,Attacker-controlled version-control system can manipulate design structure before synthesis,keep
attacker_controlled_version_control_system,fsm_state_manipulation,Attacker-controlled version-control system can alter FSM behavior in design files,keep
attacker_controlled_version_control_system,embedded_trojan_states,Attacker-controlled version-control system can introduce hidden Trojan states into FSM logic,keep
attacker_controlled_version_control_system,hidden_fsm_driver,Attacker-controlled version-control system can hide driver behavior inside FSM logic,keep
attacker_controlled_version_control_system,unremovable_trojan_in_functionality,Attacker-controlled version-control system can merge Trojan behavior with intended functionality,keep
attacker_controlled_version_control_system,rtl_design_attack,Attacker-controlled version-control system can directly modify RTL or design logic,keep
attacker_controlled_version_control_system,functional_test_evasion,Attacker-controlled version-control system can introduce malicious behavior that still passes functional tests,review
attacker_controlled_version_control_system,security_asset_leakage_to_observable_points,Attacker-controlled version-control system can modify design logic so security assets propagate to observable points,keep
attacker_controlled_version_control_system,break_intended_execution_flow,Attacker-controlled version-control system can alter intended execution or control flow,keep
attacker_controlled_version_control_system,dangerous_dont_care_propagation,Attacker-controlled version-control system can introduce or preserve dangerous don't-care behavior,keep
attacker_controlled_version_control_system,asset_propagation_to_observable_nodes,Attacker-controlled version-control system can cause security assets to propagate to observable RTL nodes,keep
compromised_project_user_privileges,illegal_access_or_use_of_design_ip,Compromised project privileges can allow access to design or IP artifacts available within the project,keep
compromised_project_user_privileges,design_ip_extraction,Compromised project privileges can allow extraction of design IP from project repositories or workspaces,keep
compromised_project_user_privileges,unauthorized_design_copying,Compromised project privileges can allow copying of design artifacts available to the project user,keep
compromised_project_user_privileges,unauthorized_ip_use,Compromised project privileges can allow misuse of IP artifacts accessible through project permissions,keep
compromised_project_user_privileges,ic_functionality_or_feature_modification,Compromised project privileges can modify IC functionality if the account has write access to design artifacts,review
compromised_project_user_privileges,malicious_hardware_component_insertion,Compromised project privileges can insert malicious hardware logic if the account can modify design files,review
compromised_project_user_privileges,trojan_based_information_leakage,Compromised project privileges can add leakage logic if the account can modify source or RTL files,review
compromised_project_user_privileges,additional_functionality_in_implementation,Compromised project privileges can add unintended functionality if write access is available,review
compromised_project_user_privileges,extra_behavior_beyond_specification,Compromised project privileges can introduce behavior beyond specification if design files can be changed,review
compromised_project_user_privileges,unprotected_confidential_data_path,Compromised project privileges can weaken confidential data-path protection if the user can edit design artifacts,review
compromised_project_user_privileges,redundant_logic_payload,Compromised project privileges can add hidden or redundant payload logic if write access is available,review
compromised_project_user_privileges,hard_to_excite_trigger_signal,Compromised project privileges can introduce hard-to-excite trigger signals if design files can be modified,review
compromised_project_user_privileges,untestable_or_suspicious_logic,Compromised project privileges can introduce suspicious or difficult-to-test logic if write access is available,review
compromised_project_user_privileges,malicious_design_alteration_before_fabrication,Compromised project privileges can alter design artifacts before fabrication if modification privileges exist,review
compromised_project_user_privileges,original_circuitry_modification,Compromised project privileges can modify the original circuit description if the account has write access,review
compromised_project_user_privileges,add_remove_or_bypass_logic,Compromised project privileges can add remove or bypass logic if design artifacts can be edited,review
compromised_project_user_privileges,rtl_design_attack,Compromised project privileges can modify RTL or design logic if the account can write to the project repository,review
compromised_project_user_privileges,security_asset_leakage_to_observable_points,Compromised project privileges can expose security assets if the account can modify design logic,review
compromised_project_user_privileges,break_intended_execution_flow,Compromised project privileges can alter control or execution behavior if design files can be changed,review
attacker_controlled_build_execution,illegal_access_or_use_of_design_ip,Attacker-controlled build execution can access design or IP files used as build inputs,keep
attacker_controlled_build_execution,design_ip_extraction,Attacker-controlled build execution can read or extract design IP during the build flow,keep
attacker_controlled_build_execution,unauthorized_design_copying,Attacker-controlled build execution can copy design artifacts available during the build,keep
attacker_controlled_build_execution,ic_functionality_or_feature_modification,Attacker-controlled build execution can modify generated design functionality or features,keep
attacker_controlled_build_execution,malicious_hardware_component_insertion,Attacker-controlled build execution can insert malicious hardware logic into generated artifacts,keep
attacker_controlled_build_execution,additional_functionality_in_implementation,Attacker-controlled build execution can add unintended functionality during design transformation,keep
attacker_controlled_build_execution,extra_behavior_beyond_specification,Attacker-controlled build execution can generate behavior beyond the intended specification,keep
attacker_controlled_build_execution,unprotected_confidential_data_path,Attacker-controlled build execution can weaken protection around confidential data paths,keep
attacker_controlled_build_execution,redundant_logic_payload,Attacker-controlled build execution can insert redundant or hidden payload logic,keep
attacker_controlled_build_execution,hard_to_excite_trigger_signal,Attacker-controlled build execution can introduce hard-to-excite trigger signals through generated logic,review
attacker_controlled_build_execution,untestable_or_suspicious_logic,Attacker-controlled build execution can introduce suspicious or difficult-to-test logic,keep
attacker_controlled_build_execution,malicious_design_alteration_before_fabrication,Attacker-controlled build execution can alter generated design artifacts before fabrication,keep
attacker_controlled_build_execution,original_circuitry_modification,Attacker-controlled build execution can modify the generated circuit representation,keep
attacker_controlled_build_execution,add_remove_or_bypass_logic,Attacker-controlled build execution can add remove or bypass logic during transformation,keep
attacker_controlled_build_execution,presynthesis_structural_manipulation,Attacker-controlled build execution can manipulate design structure before synthesis,keep
attacker_controlled_build_execution,rtl_design_attack,Attacker-controlled build execution can modify generated RTL or design logic,keep
attacker_controlled_build_execution,functional_test_evasion,Attacker-controlled build execution can alter generated artifacts or tests so malicious behavior passes functional tests,review
attacker_controlled_build_execution,security_asset_leakage_to_observable_points,Attacker-controlled build execution can transform security assets so they become observable,keep
attacker_controlled_build_execution,break_intended_execution_flow,Attacker-controlled build execution can alter generated control or execution behavior,keep
attacker_controlled_build_execution,fault_or_glitch_attack_enablement,Attacker-controlled build execution can generate hardware more susceptible to fault or glitch attacks,review
attacker_controlled_build_execution,power_or_time_side_channel_exposure,Attacker-controlled build execution can generate structures that expose power or timing side channels,review
attacker_controlled_build_execution,critical_function_inlining_expands_sensitive_registers,Attacker-controlled build execution can use HLS/build choices that inline critical functions and expand sensitive registers,review
attacker_controlled_build_execution,secure_and_nonsecure_operations_share_hardware_resources,Attacker-controlled build execution can influence resource sharing between secure and non-secure operations,review
attacker_controlled_build_execution,secure_and_nonsecure_assets_reach_outputs_at_different_depths,Attacker-controlled build execution can influence pipeline depths so secure and non-secure assets reach outputs differently,review
attacker_controlled_build_execution,fault_vulnerable_hls_generated_fsm,Attacker-controlled build execution can produce HLS-generated control logic vulnerable to faults,review
attacker_controlled_build_execution,security_unaware_power_optimization,Attacker-controlled build execution can apply optimization choices that ignore power side-channel security,review
attacker_controlled_build_execution,physical_layout_introduces_security_vulnerability,Attacker-controlled build execution can alter physical-design scripts or constraints so layout introduces security vulnerabilities,review
attacker_controlled_build_execution,layout_parasitic_side_channel_leakage,Attacker-controlled build execution can influence layout/routing choices that create parasitic side-channel leakage,review
attacker_controlled_build_execution,crosstalk_ir_drop_leakage,Attacker-controlled build execution can influence physical-design choices that increase crosstalk or IR-drop leakage,review
attacker_controlled_build_execution,ir_drop_of_critical_instances,Attacker-controlled build execution can influence placement/routing of critical instances affecting IR-drop behavior,review
attacker_controlled_build_execution,unbalanced_share_power_consumption,Attacker-controlled build execution can influence placement/routing so protected shares have unbalanced power behavior,review
attacker_controlled_build_execution,share_coupling_interference,Attacker-controlled build execution can influence placement so protected shares interfere with each other,review
attacker_controlled_build_execution,em_signature_reaches_top_metal,Attacker-controlled build execution can influence routing so secret-related EM signatures reach exposed metal layers,review
maintainer_level_build_job_control,illegal_access_or_use_of_design_ip,Maintainer-level build job control can access design or IP files used during the build flow,keep
maintainer_level_build_job_control,design_ip_extraction,Maintainer-level build job control can read or extract design IP during build execution,keep
maintainer_level_build_job_control,unauthorized_design_copying,Maintainer-level build job control can copy design artifacts available to the build job,keep
maintainer_level_build_job_control,ic_functionality_or_feature_modification,Maintainer-level build job control can modify generated design functionality or features,keep
maintainer_level_build_job_control,malicious_hardware_component_insertion,Maintainer-level build job control can insert malicious hardware logic into generated artifacts,keep
maintainer_level_build_job_control,additional_functionality_in_implementation,Maintainer-level build job control can add unintended functionality during design transformation,keep
maintainer_level_build_job_control,extra_behavior_beyond_specification,Maintainer-level build job control can generate behavior beyond the intended specification,keep
maintainer_level_build_job_control,unprotected_confidential_data_path,Maintainer-level build job control can weaken protection around confidential data paths,keep
maintainer_level_build_job_control,redundant_logic_payload,Maintainer-level build job control can insert redundant or hidden payload logic,keep
maintainer_level_build_job_control,hard_to_excite_trigger_signal,Maintainer-level build job control can introduce hard-to-excite trigger signals through generated logic,review
maintainer_level_build_job_control,untestable_or_suspicious_logic,Maintainer-level build job control can introduce suspicious or difficult-to-test logic,keep
maintainer_level_build_job_control,malicious_design_alteration_before_fabrication,Maintainer-level build job control can alter generated design artifacts before fabrication,keep
maintainer_level_build_job_control,original_circuitry_modification,Maintainer-level build job control can modify the generated circuit representation,keep
maintainer_level_build_job_control,add_remove_or_bypass_logic,Maintainer-level build job control can add remove or bypass logic during transformation,keep
maintainer_level_build_job_control,presynthesis_structural_manipulation,Maintainer-level build job control can manipulate design structure before synthesis,keep
maintainer_level_build_job_control,rtl_design_attack,Maintainer-level build job control can modify generated RTL or design logic,keep
maintainer_level_build_job_control,functional_test_evasion,Maintainer-level build job control can alter generated artifacts or tests so malicious behavior passes functional tests,review
maintainer_level_build_job_control,security_asset_leakage_to_observable_points,Maintainer-level build job control can transform security assets so they become observable,keep
maintainer_level_build_job_control,break_intended_execution_flow,Maintainer-level build job control can alter generated control or execution behavior,keep
maintainer_level_build_job_control,fault_or_glitch_attack_enablement,Maintainer-level build job control can generate hardware more susceptible to fault or glitch attacks,review
maintainer_level_build_job_control,power_or_time_side_channel_exposure,Maintainer-level build job control can generate structures that expose power or timing side channels,review
maintainer_level_build_job_control,critical_function_inlining_expands_sensitive_registers,Maintainer-level build job control can use HLS/build choices that inline critical functions and expand sensitive registers,review
maintainer_level_build_job_control,secure_and_nonsecure_operations_share_hardware_resources,Maintainer-level build job control can influence resource sharing between secure and non-secure operations,review
maintainer_level_build_job_control,secure_and_nonsecure_assets_reach_outputs_at_different_depths,Maintainer-level build job control can influence pipeline depths so secure and non-secure assets reach outputs differently,review
maintainer_level_build_job_control,fault_vulnerable_hls_generated_fsm,Maintainer-level build job control can produce HLS-generated control logic vulnerable to faults,review
maintainer_level_build_job_control,security_unaware_power_optimization,Maintainer-level build job control can apply optimization choices that ignore power side-channel security,review
maintainer_level_build_job_control,physical_layout_introduces_security_vulnerability,Maintainer-level build job control can alter physical-design scripts or constraints so layout introduces security vulnerabilities,review
maintainer_level_build_job_control,layout_parasitic_side_channel_leakage,Maintainer-level build job control can influence layout or routing choices that create parasitic side-channel leakage,review
maintainer_level_build_job_control,crosstalk_ir_drop_leakage,Maintainer-level build job control can influence physical-design choices that increase crosstalk or IR-drop leakage,review
maintainer_level_build_job_control,ir_drop_of_critical_instances,Maintainer-level build job control can influence placement or routing of critical instances affecting IR-drop behavior,review
maintainer_level_build_job_control,unbalanced_share_power_consumption,Maintainer-level build job control can influence placement or routing so protected shares have unbalanced power behavior,review
maintainer_level_build_job_control,share_coupling_interference,Maintainer-level build job control can influence placement so protected shares interfere with each other,review
maintainer_level_build_job_control,em_signature_reaches_top_metal,Maintainer-level build job control can influence routing so secret-related EM signatures reach exposed metal layers,review
attacker_controlled_build_system,illegal_access_or_use_of_design_ip,Attacker-controlled build system can access design or IP files used during the VLSI build flow,keep
attacker_controlled_build_system,design_ip_extraction,Attacker-controlled build system can read or extract design IP during build or tool execution,keep
attacker_controlled_build_system,unauthorized_design_copying,Attacker-controlled build system can copy design artifacts available during the build flow,keep
attacker_controlled_build_system,ic_functionality_or_feature_modification,Attacker-controlled build system can modify generated design functionality or features,keep
attacker_controlled_build_system,malicious_hardware_component_insertion,Attacker-controlled build system can insert malicious hardware logic into generated artifacts,keep
attacker_controlled_build_system,additional_functionality_in_implementation,Attacker-controlled build system can add unintended functionality during design transformation,keep
attacker_controlled_build_system,extra_behavior_beyond_specification,Attacker-controlled build system can generate behavior beyond the intended specification,keep
attacker_controlled_build_system,unprotected_confidential_data_path,Attacker-controlled build system can weaken protection around confidential data paths,keep
attacker_controlled_build_system,redundant_logic_payload,Attacker-controlled build system can insert redundant or hidden payload logic,keep
attacker_controlled_build_system,hard_to_excite_trigger_signal,Attacker-controlled build system can introduce hard-to-excite trigger signals through generated logic,review
attacker_controlled_build_system,untestable_or_suspicious_logic,Attacker-controlled build system can introduce suspicious or difficult-to-test logic,keep
attacker_controlled_build_system,malicious_design_alteration_before_fabrication,Attacker-controlled build system can alter generated design artifacts before fabrication,keep
attacker_controlled_build_system,original_circuitry_modification,Attacker-controlled build system can modify the generated circuit representation,keep
attacker_controlled_build_system,add_remove_or_bypass_logic,Attacker-controlled build system can add remove or bypass logic during transformation,keep
attacker_controlled_build_system,presynthesis_structural_manipulation,Attacker-controlled build system can manipulate design structure before synthesis,keep
attacker_controlled_build_system,rtl_design_attack,Attacker-controlled build system can modify generated RTL or design logic,keep
attacker_controlled_build_system,functional_test_evasion,Attacker-controlled build system can alter generated artifacts or tests so malicious behavior passes functional tests,review
attacker_controlled_build_system,security_asset_leakage_to_observable_points,Attacker-controlled build system can transform security assets so they become observable,keep
attacker_controlled_build_system,break_intended_execution_flow,Attacker-controlled build system can alter generated control or execution behavior,keep
attacker_controlled_build_system,fault_or_glitch_attack_enablement,Attacker-controlled build system can generate hardware more susceptible to fault or glitch attacks,review
attacker_controlled_build_system,power_or_time_side_channel_exposure,Attacker-controlled build system can generate structures that expose power or timing side channels,review
attacker_controlled_build_system,critical_function_inlining_expands_sensitive_registers,Attacker-controlled build system can apply HLS/build choices that inline critical functions and expand sensitive registers,review
attacker_controlled_build_system,secure_and_nonsecure_operations_share_hardware_resources,Attacker-controlled build system can influence resource sharing between secure and non-secure operations,review
attacker_controlled_build_system,secure_and_nonsecure_assets_reach_outputs_at_different_depths,Attacker-controlled build system can influence pipeline depths so secure and non-secure assets reach outputs differently,review
attacker_controlled_build_system,fault_vulnerable_hls_generated_fsm,Attacker-controlled build system can produce HLS-generated control logic vulnerable to faults,review
attacker_controlled_build_system,security_unaware_power_optimization,Attacker-controlled build system can apply optimization choices that ignore power side-channel security,review
attacker_controlled_build_system,physical_layout_introduces_security_vulnerability,Attacker-controlled build system can alter physical-design scripts or constraints so layout introduces security vulnerabilities,review
attacker_controlled_build_system,layout_parasitic_side_channel_leakage,Attacker-controlled build system can influence layout or routing choices that create parasitic side-channel leakage,review
attacker_controlled_build_system,crosstalk_ir_drop_leakage,Attacker-controlled build system can influence physical-design choices that increase crosstalk or IR-drop leakage,review
attacker_controlled_build_system,ir_drop_of_critical_instances,Attacker-controlled build system can influence placement or routing of critical instances affecting IR-drop behavior,review
attacker_controlled_build_system,unbalanced_share_power_consumption,Attacker-controlled build system can influence placement or routing so protected shares have unbalanced power behavior,review
attacker_controlled_build_system,share_coupling_interference,Attacker-controlled build system can influence placement so protected shares interfere with each other,review
attacker_controlled_build_system,em_signature_reaches_top_metal,Attacker-controlled build system can influence routing so secret-related EM signatures reach exposed metal layers,review
attacker_controlled_distribution_reference,illegal_access_or_use_of_design_ip,Attacker-controlled distribution reference can redirect the flow to an artifact that accesses design or IP files,review
attacker_controlled_distribution_reference,design_ip_extraction,Attacker-controlled distribution reference can redirect to an artifact that reads or extracts design IP,review
attacker_controlled_distribution_reference,unauthorized_design_copying,Attacker-controlled distribution reference can redirect to an artifact that copies design files during execution,review
attacker_controlled_distribution_reference,ic_functionality_or_feature_modification,Attacker-controlled distribution reference can redirect to a modified artifact that changes IC functionality or features,keep
attacker_controlled_distribution_reference,malicious_hardware_component_insertion,Attacker-controlled distribution reference can cause the flow to consume an artifact containing malicious hardware logic,keep
attacker_controlled_distribution_reference,additional_functionality_in_implementation,Attacker-controlled distribution reference can redirect to an artifact that adds unintended functionality,keep
attacker_controlled_distribution_reference,extra_behavior_beyond_specification,Attacker-controlled distribution reference can redirect to an artifact that produces behavior beyond the intended specification,keep
attacker_controlled_distribution_reference,unprotected_confidential_data_path,Attacker-controlled distribution reference can redirect to an artifact that weakens protection around confidential data paths,review
attacker_controlled_distribution_reference,redundant_logic_payload,Attacker-controlled distribution reference can cause the flow to consume an artifact carrying hidden or redundant payload logic,keep
attacker_controlled_distribution_reference,hard_to_excite_trigger_signal,Attacker-controlled distribution reference can redirect to an artifact containing rare or hard-to-excite trigger logic,review
attacker_controlled_distribution_reference,untestable_or_suspicious_logic,Attacker-controlled distribution reference can redirect to an artifact containing suspicious or difficult-to-test logic,keep
attacker_controlled_distribution_reference,malicious_design_alteration_before_fabrication,Attacker-controlled distribution reference can cause a maliciously altered design artifact to enter the flow before fabrication,keep
attacker_controlled_distribution_reference,original_circuitry_modification,Attacker-controlled distribution reference can redirect to an artifact with modified circuit content,keep
attacker_controlled_distribution_reference,add_remove_or_bypass_logic,Attacker-controlled distribution reference can redirect to an artifact that adds removes or bypasses design logic,keep
attacker_controlled_distribution_reference,presynthesis_structural_manipulation,Attacker-controlled distribution reference can redirect to an artifact with manipulated design structure before synthesis,keep
attacker_controlled_distribution_reference,fsm_state_manipulation,Attacker-controlled distribution reference can redirect to an artifact that alters FSM behavior,keep
attacker_controlled_distribution_reference,embedded_trojan_states,Attacker-controlled distribution reference can redirect to an artifact containing hidden Trojan FSM states,keep
attacker_controlled_distribution_reference,hidden_fsm_driver,Attacker-controlled distribution reference can redirect to an artifact with hidden driver behavior inside FSM logic,keep
attacker_controlled_distribution_reference,unremovable_trojan_in_functionality,Attacker-controlled distribution reference can redirect to an artifact where Trojan behavior is merged with intended functionality,keep
attacker_controlled_distribution_reference,rtl_design_attack,Attacker-controlled distribution reference can cause the flow to consume modified RTL or design logic,keep
attacker_controlled_distribution_reference,functional_test_evasion,Attacker-controlled distribution reference can redirect to an artifact designed to pass functional tests while hiding malicious behavior,review
attacker_controlled_distribution_reference,malicious_firmware_modification,Attacker-controlled distribution reference can redirect to modified firmware or bitstream-like content,keep
attacker_controlled_distribution_reference,security_asset_leakage_to_observable_points,Attacker-controlled distribution reference can redirect to an artifact that exposes security assets at observable points,review
attacker_controlled_distribution_reference,break_intended_execution_flow,Attacker-controlled distribution reference can redirect to an artifact that alters intended control or execution behavior,keep
attacker_controlled_distribution_reference,power_or_time_side_channel_exposure,Attacker-controlled distribution reference can redirect to an artifact that introduces power or timing side-channel exposure,review
attacker_controlled_released_artifact,illegal_access_or_use_of_design_ip,Attacker-controlled released artifact can access design or IP files when consumed in the VLSI flow,keep
attacker_controlled_released_artifact,design_ip_extraction,Attacker-controlled released artifact can read or extract design IP during downstream use,keep
attacker_controlled_released_artifact,unauthorized_design_copying,Attacker-controlled released artifact can copy design artifacts available during execution or integration,keep
attacker_controlled_released_artifact,ic_functionality_or_feature_modification,Attacker-controlled released artifact can carry modified IC functionality or design features,keep
attacker_controlled_released_artifact,malicious_hardware_component_insertion,Attacker-controlled released artifact can include malicious hardware logic or components,keep
attacker_controlled_released_artifact,extra_functionality_in_hardware,Attacker-controlled released artifact can introduce extra hardware functionality beyond the intended design,keep
attacker_controlled_released_artifact,additional_functionality_in_implementation,Attacker-controlled released artifact can add unintended functionality to the implementation,keep
attacker_controlled_released_artifact,extra_behavior_beyond_specification,Attacker-controlled released artifact can produce behavior beyond the intended specification,keep
attacker_controlled_released_artifact,unprotected_confidential_data_path,Attacker-controlled released artifact can weaken or alter protection around confidential data paths,keep
attacker_controlled_released_artifact,redundant_logic_payload,Attacker-controlled released artifact can carry redundant or hidden payload logic,keep
attacker_controlled_released_artifact,hard_to_excite_trigger_signal,Attacker-controlled released artifact can include rare or hard-to-excite trigger signals,review
attacker_controlled_released_artifact,untestable_or_suspicious_logic,Attacker-controlled released artifact can include suspicious or difficult-to-test logic,keep
attacker_controlled_released_artifact,malicious_design_alteration_before_fabrication,Attacker-controlled released artifact can carry malicious design alterations before fabrication,keep
attacker_controlled_released_artifact,original_circuitry_modification,Attacker-controlled released artifact can modify the original circuit description or generated circuit,keep
attacker_controlled_released_artifact,add_remove_or_bypass_logic,Attacker-controlled released artifact can add remove or bypass logic in the design,keep
attacker_controlled_released_artifact,presynthesis_structural_manipulation,Attacker-controlled released artifact can carry structural manipulation before synthesis,keep
attacker_controlled_released_artifact,fsm_state_manipulation,Attacker-controlled released artifact can carry altered FSM behavior into the design flow,keep
attacker_controlled_released_artifact,embedded_trojan_states,Attacker-controlled released artifact can include hidden Trojan states in FSM logic,keep
attacker_controlled_released_artifact,hidden_fsm_driver,Attacker-controlled released artifact can include hidden driver behavior inside FSM logic,keep
attacker_controlled_released_artifact,unremovable_trojan_in_functionality,Attacker-controlled released artifact can merge Trojan behavior with intended design functionality,keep
attacker_controlled_released_artifact,rtl_design_attack,Attacker-controlled released artifact can carry modified RTL or design logic,keep
attacker_controlled_released_artifact,functional_test_evasion,Attacker-controlled released artifact can preserve malicious behavior while still passing functional tests,review
attacker_controlled_released_artifact,malicious_firmware_modification,Attacker-controlled released artifact can deliver modified firmware or bitstream-like content,keep
attacker_controlled_released_artifact,trojan_delayed_disable_or_destroy,Attacker-controlled released artifact can carry Trojan behavior that disables or destroys functionality later,review
attacker_controlled_released_artifact,trojan_covert_information_leakage,Attacker-controlled released artifact can carry Trojan behavior that leaks confidential information,keep
attacker_controlled_released_artifact,security_asset_leakage_to_observable_points,Attacker-controlled released artifact can expose security assets at observable points,keep
attacker_controlled_released_artifact,break_intended_execution_flow,Attacker-controlled released artifact can alter generated control or execution behavior,keep
attacker_controlled_released_artifact,power_or_time_side_channel_exposure,Attacker-controlled released artifact can introduce structures that expose power or timing side channels,review
attacker_controlled_distribution_channel,illegal_access_or_use_of_design_ip,Attacker-controlled distribution channel can deliver an artifact that accesses design or IP files during VLSI-flow execution,review
attacker_controlled_distribution_channel,design_ip_extraction,Attacker-controlled distribution channel can deliver an artifact that extracts design IP during downstream use,review
attacker_controlled_distribution_channel,unauthorized_design_copying,Attacker-controlled distribution channel can deliver an artifact that copies design artifacts during execution,review
attacker_controlled_distribution_channel,ic_functionality_or_feature_modification,Attacker-controlled distribution channel can deliver a modified artifact that changes IC functionality or features,keep
attacker_controlled_distribution_channel,malicious_hardware_component_insertion,Attacker-controlled distribution channel can deliver an artifact containing malicious hardware logic or components,keep
attacker_controlled_distribution_channel,extra_functionality_in_hardware,Attacker-controlled distribution channel can deliver an artifact that introduces extra hardware functionality,keep
attacker_controlled_distribution_channel,additional_functionality_in_implementation,Attacker-controlled distribution channel can deliver an artifact that adds unintended functionality to the implementation,keep
attacker_controlled_distribution_channel,extra_behavior_beyond_specification,Attacker-controlled distribution channel can deliver an artifact that creates behavior beyond the intended specification,keep
attacker_controlled_distribution_channel,unprotected_confidential_data_path,Attacker-controlled distribution channel can deliver an artifact that weakens protection around confidential data paths,review
attacker_controlled_distribution_channel,redundant_logic_payload,Attacker-controlled distribution channel can deliver an artifact carrying hidden or redundant payload logic,keep
attacker_controlled_distribution_channel,hard_to_excite_trigger_signal,Attacker-controlled distribution channel can deliver an artifact containing hard-to-excite trigger signals,review
attacker_controlled_distribution_channel,untestable_or_suspicious_logic,Attacker-controlled distribution channel can deliver an artifact containing suspicious or difficult-to-test logic,keep
attacker_controlled_distribution_channel,malicious_design_alteration_before_fabrication,Attacker-controlled distribution channel can deliver a maliciously altered design artifact before fabrication,keep
attacker_controlled_distribution_channel,original_circuitry_modification,Attacker-controlled distribution channel can deliver an artifact with modified circuit content,keep
attacker_controlled_distribution_channel,add_remove_or_bypass_logic,Attacker-controlled distribution channel can deliver an artifact that adds removes or bypasses design logic,keep
attacker_controlled_distribution_channel,presynthesis_structural_manipulation,Attacker-controlled distribution channel can deliver an artifact with manipulated structure before synthesis,keep
attacker_controlled_distribution_channel,fsm_state_manipulation,Attacker-controlled distribution channel can deliver an artifact that alters FSM behavior,keep
attacker_controlled_distribution_channel,embedded_trojan_states,Attacker-controlled distribution channel can deliver an artifact containing hidden Trojan FSM states,keep
attacker_controlled_distribution_channel,hidden_fsm_driver,Attacker-controlled distribution channel can deliver an artifact with hidden driver behavior inside FSM logic,keep
attacker_controlled_distribution_channel,unremovable_trojan_in_functionality,Attacker-controlled distribution channel can deliver an artifact where Trojan behavior is merged with intended functionality,keep
attacker_controlled_distribution_channel,rtl_design_attack,Attacker-controlled distribution channel can deliver modified RTL or design logic,keep
attacker_controlled_distribution_channel,functional_test_evasion,Attacker-controlled distribution channel can deliver an artifact designed to pass functional tests while hiding malicious behavior,review
attacker_controlled_distribution_channel,malicious_firmware_modification,Attacker-controlled distribution channel can deliver modified firmware or bitstream-like content,keep
attacker_controlled_distribution_channel,trojan_covert_information_leakage,Attacker-controlled distribution channel can deliver an artifact carrying Trojan behavior that leaks confidential information,keep
attacker_controlled_distribution_channel,security_asset_leakage_to_observable_points,Attacker-controlled distribution channel can deliver an artifact that exposes security assets at observable points,review
attacker_controlled_distribution_channel,break_intended_execution_flow,Attacker-controlled distribution channel can deliver an artifact that alters intended control or execution behavior,keep
attacker_controlled_distribution_channel,power_or_time_side_channel_exposure,Attacker-controlled distribution channel can deliver an artifact that introduces power or timing side-channel exposure,review
attacker_controlled_dependency_resolution,illegal_access_or_use_of_design_ip,Attacker-controlled dependency resolution can cause the flow to load a dependency that accesses design or IP files,review
attacker_controlled_dependency_resolution,design_ip_extraction,Attacker-controlled dependency resolution can cause the flow to load a dependency that extracts design IP,review
attacker_controlled_dependency_resolution,unauthorized_design_copying,Attacker-controlled dependency resolution can cause the flow to load a dependency that copies design artifacts,review
attacker_controlled_dependency_resolution,ic_functionality_or_feature_modification,Attacker-controlled dependency resolution can cause the flow to consume a dependency that modifies IC functionality or features,keep
attacker_controlled_dependency_resolution,malicious_hardware_component_insertion,Attacker-controlled dependency resolution can introduce a dependency that inserts malicious hardware logic into generated artifacts,keep
attacker_controlled_dependency_resolution,additional_functionality_in_implementation,Attacker-controlled dependency resolution can introduce a dependency that adds unintended functionality during implementation,keep
attacker_controlled_dependency_resolution,extra_behavior_beyond_specification,Attacker-controlled dependency resolution can introduce a dependency that produces behavior beyond the intended specification,keep
attacker_controlled_dependency_resolution,unprotected_confidential_data_path,Attacker-controlled dependency resolution can introduce a dependency that weakens protection around confidential data paths,review
attacker_controlled_dependency_resolution,redundant_logic_payload,Attacker-controlled dependency resolution can introduce a dependency that adds hidden or redundant payload logic,keep
attacker_controlled_dependency_resolution,hard_to_excite_trigger_signal,Attacker-controlled dependency resolution can introduce a dependency that creates hard-to-excite trigger signals,review
attacker_controlled_dependency_resolution,untestable_or_suspicious_logic,Attacker-controlled dependency resolution can introduce a dependency that creates suspicious or difficult-to-test logic,keep
attacker_controlled_dependency_resolution,malicious_design_alteration_before_fabrication,Attacker-controlled dependency resolution can cause a malicious dependency to alter design artifacts before fabrication,keep
attacker_controlled_dependency_resolution,original_circuitry_modification,Attacker-controlled dependency resolution can introduce a dependency that modifies the circuit representation,keep
attacker_controlled_dependency_resolution,add_remove_or_bypass_logic,Attacker-controlled dependency resolution can introduce a dependency that adds removes or bypasses design logic,keep
attacker_controlled_dependency_resolution,presynthesis_structural_manipulation,Attacker-controlled dependency resolution can introduce a dependency that manipulates design structure before synthesis,keep
attacker_controlled_dependency_resolution,fsm_state_manipulation,Attacker-controlled dependency resolution can introduce a dependency that alters FSM behavior,keep
attacker_controlled_dependency_resolution,embedded_trojan_states,Attacker-controlled dependency resolution can introduce a dependency that embeds Trojan states into FSM logic,keep
attacker_controlled_dependency_resolution,hidden_fsm_driver,Attacker-controlled dependency resolution can introduce a dependency that hides driver behavior inside FSM logic,keep
attacker_controlled_dependency_resolution,unremovable_trojan_in_functionality,Attacker-controlled dependency resolution can introduce a dependency that merges Trojan behavior with intended functionality,keep
attacker_controlled_dependency_resolution,rtl_design_attack,Attacker-controlled dependency resolution can cause the flow to consume a dependency that modifies RTL or design logic,keep
attacker_controlled_dependency_resolution,functional_test_evasion,Attacker-controlled dependency resolution can introduce a dependency that helps malicious behavior pass functional tests,review
attacker_controlled_dependency_resolution,security_asset_leakage_to_observable_points,Attacker-controlled dependency resolution can introduce a dependency that exposes security assets at observable points,review
attacker_controlled_dependency_resolution,break_intended_execution_flow,Attacker-controlled dependency resolution can introduce a dependency that alters intended control or execution behavior,keep
attacker_controlled_dependency_resolution,fault_or_glitch_attack_enablement,Attacker-controlled dependency resolution can introduce a dependency that generates hardware more susceptible to fault or glitch attacks,review
attacker_controlled_dependency_resolution,power_or_time_side_channel_exposure,Attacker-controlled dependency resolution can introduce a dependency that creates power or timing side-channel exposure,review
attacker_controlled_dependency_resolution,security_unaware_power_optimization,Attacker-controlled dependency resolution can introduce a dependency that applies optimization choices without side-channel security awareness,review
attacker_controlled_dependency_resolution,malicious_firmware_modification,Attacker-controlled dependency resolution can resolve to a dependency that modifies firmware or bitstream-like content,review
attacker_controlled_update_path,illegal_access_or_use_of_design_ip,Attacker-controlled update path can deliver an updated artifact that accesses design or IP files during the VLSI flow,review
attacker_controlled_update_path,design_ip_extraction,Attacker-controlled update path can deliver an updated artifact that extracts design IP during downstream use,review
attacker_controlled_update_path,unauthorized_design_copying,Attacker-controlled update path can deliver an updated artifact that copies design artifacts during execution,review
attacker_controlled_update_path,ic_functionality_or_feature_modification,Attacker-controlled update path can deliver a modified artifact that changes IC functionality or features,keep
attacker_controlled_update_path,malicious_hardware_component_insertion,Attacker-controlled update path can deliver an artifact containing malicious hardware logic or components,keep
attacker_controlled_update_path,extra_functionality_in_hardware,Attacker-controlled update path can deliver an artifact that introduces extra hardware functionality,keep
attacker_controlled_update_path,additional_functionality_in_implementation,Attacker-controlled update path can deliver an artifact that adds unintended functionality to the implementation,keep
attacker_controlled_update_path,extra_behavior_beyond_specification,Attacker-controlled update path can deliver an artifact that produces behavior beyond the intended specification,keep
attacker_controlled_update_path,unprotected_confidential_data_path,Attacker-controlled update path can deliver an artifact that weakens protection around confidential data paths,review
attacker_controlled_update_path,redundant_logic_payload,Attacker-controlled update path can deliver an artifact carrying hidden or redundant payload logic,keep
attacker_controlled_update_path,hard_to_excite_trigger_signal,Attacker-controlled update path can deliver an artifact containing hard-to-excite trigger signals,review
attacker_controlled_update_path,untestable_or_suspicious_logic,Attacker-controlled update path can deliver an artifact containing suspicious or difficult-to-test logic,keep
attacker_controlled_update_path,malicious_design_alteration_before_fabrication,Attacker-controlled update path can deliver a maliciously altered design artifact before fabrication,keep
attacker_controlled_update_path,original_circuitry_modification,Attacker-controlled update path can deliver an artifact with modified circuit content,keep
attacker_controlled_update_path,add_remove_or_bypass_logic,Attacker-controlled update path can deliver an artifact that adds removes or bypasses design logic,keep
attacker_controlled_update_path,presynthesis_structural_manipulation,Attacker-controlled update path can deliver an artifact with manipulated design structure before synthesis,keep
attacker_controlled_update_path,fsm_state_manipulation,Attacker-controlled update path can deliver an artifact that alters FSM behavior,keep
attacker_controlled_update_path,embedded_trojan_states,Attacker-controlled update path can deliver an artifact containing hidden Trojan FSM states,keep
attacker_controlled_update_path,hidden_fsm_driver,Attacker-controlled update path can deliver an artifact with hidden driver behavior inside FSM logic,keep
attacker_controlled_update_path,unremovable_trojan_in_functionality,Attacker-controlled update path can deliver an artifact where Trojan behavior is merged with intended functionality,keep
attacker_controlled_update_path,rtl_design_attack,Attacker-controlled update path can deliver modified RTL or design logic,keep
attacker_controlled_update_path,functional_test_evasion,Attacker-controlled update path can deliver an artifact designed to pass functional tests while hiding malicious behavior,review
attacker_controlled_update_path,malicious_firmware_modification,Attacker-controlled update path can deliver modified firmware or bitstream-like content,keep
attacker_controlled_update_path,trojan_delayed_disable_or_destroy,Attacker-controlled update path can deliver Trojan behavior that disables or destroys functionality later,review
attacker_controlled_update_path,trojan_covert_information_leakage,Attacker-controlled update path can deliver Trojan behavior that leaks confidential information,keep
attacker_controlled_update_path,security_asset_leakage_to_observable_points,Attacker-controlled update path can deliver an artifact that exposes security assets at observable points,review
attacker_controlled_update_path,break_intended_execution_flow,Attacker-controlled update path can deliver an artifact that alters intended control or execution behavior,keep
attacker_controlled_update_path,power_or_time_side_channel_exposure,Attacker-controlled update path can deliver an artifact that introduces power or timing side-channel exposure,review
maintainer_level_release_control,illegal_access_or_use_of_design_ip,Maintainer-level release control can publish an artifact that accesses design or IP files during downstream VLSI-flow use,review
maintainer_level_release_control,design_ip_extraction,Maintainer-level release control can publish an artifact that extracts design IP during downstream use,review
maintainer_level_release_control,unauthorized_design_copying,Maintainer-level release control can publish an artifact that copies design artifacts during execution,review
maintainer_level_release_control,ic_functionality_or_feature_modification,Maintainer-level release control can publish a modified artifact that changes IC functionality or features,keep
maintainer_level_release_control,malicious_hardware_component_insertion,Maintainer-level release control can publish an artifact containing malicious hardware logic or components,keep
maintainer_level_release_control,extra_functionality_in_hardware,Maintainer-level release control can publish an artifact that introduces extra hardware functionality,keep
maintainer_level_release_control,additional_functionality_in_implementation,Maintainer-level release control can publish an artifact that adds unintended functionality to the implementation,keep
maintainer_level_release_control,extra_behavior_beyond_specification,Maintainer-level release control can publish an artifact that creates behavior beyond the intended specification,keep
maintainer_level_release_control,unprotected_confidential_data_path,Maintainer-level release control can publish an artifact that weakens protection around confidential data paths,review
maintainer_level_release_control,redundant_logic_payload,Maintainer-level release control can publish an artifact carrying hidden or redundant payload logic,keep
maintainer_level_release_control,hard_to_excite_trigger_signal,Maintainer-level release control can publish an artifact containing hard-to-excite trigger signals,review
maintainer_level_release_control,untestable_or_suspicious_logic,Maintainer-level release control can publish an artifact containing suspicious or difficult-to-test logic,keep
maintainer_level_release_control,malicious_design_alteration_before_fabrication,Maintainer-level release control can publish a maliciously altered design artifact before fabrication,keep
maintainer_level_release_control,original_circuitry_modification,Maintainer-level release control can publish an artifact with modified circuit content,keep
maintainer_level_release_control,add_remove_or_bypass_logic,Maintainer-level release control can publish an artifact that adds removes or bypasses design logic,keep
maintainer_level_release_control,presynthesis_structural_manipulation,Maintainer-level release control can publish an artifact with manipulated design structure before synthesis,keep
maintainer_level_release_control,fsm_state_manipulation,Maintainer-level release control can publish an artifact that alters FSM behavior,keep
maintainer_level_release_control,embedded_trojan_states,Maintainer-level release control can publish an artifact containing hidden Trojan FSM states,keep
maintainer_level_release_control,hidden_fsm_driver,Maintainer-level release control can publish an artifact with hidden driver behavior inside FSM logic,keep
maintainer_level_release_control,unremovable_trojan_in_functionality,Maintainer-level release control can publish an artifact where Trojan behavior is merged with intended functionality,keep
maintainer_level_release_control,rtl_design_attack,Maintainer-level release control can publish modified RTL or design logic,keep
maintainer_level_release_control,functional_test_evasion,Maintainer-level release control can publish an artifact designed to pass functional tests while hiding malicious behavior,review
maintainer_level_release_control,malicious_firmware_modification,Maintainer-level release control can publish modified firmware or bitstream-like content,keep
maintainer_level_release_control,trojan_delayed_disable_or_destroy,Maintainer-level release control can publish Trojan behavior that disables or destroys functionality later,review
maintainer_level_release_control,trojan_covert_information_leakage,Maintainer-level release control can publish Trojan behavior that leaks confidential information,keep
maintainer_level_release_control,security_asset_leakage_to_observable_points,Maintainer-level release control can publish an artifact that exposes security assets at observable points,review
maintainer_level_release_control,break_intended_execution_flow,Maintainer-level release control can publish an artifact that alters intended control or execution behavior,keep
maintainer_level_release_control,power_or_time_side_channel_exposure,Maintainer-level release control can publish an artifact that introduces power or timing side-channel exposure,review
attacker_controlled_hosting_system,illegal_access_or_use_of_design_ip,Attacker-controlled hosting system can serve an artifact that accesses design or IP files during downstream VLSI-flow use,review
attacker_controlled_hosting_system,design_ip_extraction,Attacker-controlled hosting system can serve an artifact that extracts design IP during downstream use,review
attacker_controlled_hosting_system,unauthorized_design_copying,Attacker-controlled hosting system can serve an artifact that copies design artifacts during execution,review
attacker_controlled_hosting_system,ic_functionality_or_feature_modification,Attacker-controlled hosting system can serve a modified artifact that changes IC functionality or features,keep
attacker_controlled_hosting_system,malicious_hardware_component_insertion,Attacker-controlled hosting system can serve an artifact containing malicious hardware logic or components,keep
attacker_controlled_hosting_system,extra_functionality_in_hardware,Attacker-controlled hosting system can serve an artifact that introduces extra hardware functionality,keep
attacker_controlled_hosting_system,additional_functionality_in_implementation,Attacker-controlled hosting system can serve an artifact that adds unintended functionality to the implementation,keep
attacker_controlled_hosting_system,extra_behavior_beyond_specification,Attacker-controlled hosting system can serve an artifact that creates behavior beyond the intended specification,keep
attacker_controlled_hosting_system,unprotected_confidential_data_path,Attacker-controlled hosting system can serve an artifact that weakens protection around confidential data paths,review
attacker_controlled_hosting_system,redundant_logic_payload,Attacker-controlled hosting system can serve an artifact carrying hidden or redundant payload logic,keep
attacker_controlled_hosting_system,hard_to_excite_trigger_signal,Attacker-controlled hosting system can serve an artifact containing hard-to-excite trigger signals,review
attacker_controlled_hosting_system,untestable_or_suspicious_logic,Attacker-controlled hosting system can serve an artifact containing suspicious or difficult-to-test logic,keep
attacker_controlled_hosting_system,malicious_design_alteration_before_fabrication,Attacker-controlled hosting system can serve a maliciously altered design artifact before fabrication,keep
attacker_controlled_hosting_system,original_circuitry_modification,Attacker-controlled hosting system can serve an artifact with modified circuit content,keep
attacker_controlled_hosting_system,add_remove_or_bypass_logic,Attacker-controlled hosting system can serve an artifact that adds removes or bypasses design logic,keep
attacker_controlled_hosting_system,presynthesis_structural_manipulation,Attacker-controlled hosting system can serve an artifact with manipulated design structure before synthesis,keep
attacker_controlled_hosting_system,fsm_state_manipulation,Attacker-controlled hosting system can serve an artifact that alters FSM behavior,keep
attacker_controlled_hosting_system,embedded_trojan_states,Attacker-controlled hosting system can serve an artifact containing hidden Trojan FSM states,keep
attacker_controlled_hosting_system,hidden_fsm_driver,Attacker-controlled hosting system can serve an artifact with hidden driver behavior inside FSM logic,keep
attacker_controlled_hosting_system,unremovable_trojan_in_functionality,Attacker-controlled hosting system can serve an artifact where Trojan behavior is merged with intended functionality,keep
attacker_controlled_hosting_system,rtl_design_attack,Attacker-controlled hosting system can serve modified RTL or design logic,keep
attacker_controlled_hosting_system,functional_test_evasion,Attacker-controlled hosting system can serve an artifact designed to pass functional tests while hiding malicious behavior,review
attacker_controlled_hosting_system,malicious_firmware_modification,Attacker-controlled hosting system can serve modified firmware or bitstream-like content,keep
attacker_controlled_hosting_system,trojan_delayed_disable_or_destroy,Attacker-controlled hosting system can serve Trojan behavior that disables or destroys functionality later,review
attacker_controlled_hosting_system,trojan_covert_information_leakage,Attacker-controlled hosting system can serve Trojan behavior that leaks confidential information,keep
attacker_controlled_hosting_system,security_asset_leakage_to_observable_points,Attacker-controlled hosting system can serve an artifact that exposes security assets at observable points,review
attacker_controlled_hosting_system,break_intended_execution_flow,Attacker-controlled hosting system can serve an artifact that alters intended control or execution behavior,keep
attacker_controlled_hosting_system,power_or_time_side_channel_exposure,Attacker-controlled hosting system can serve an artifact that introduces power or timing side-channel exposure,review
abused_legitimate_user_privileges,illegal_access_or_use_of_design_ip,Abused legitimate user privileges can allow access to design or IP artifacts available to that user,keep
abused_legitimate_user_privileges,design_ip_extraction,Abused legitimate user privileges can allow extraction of design IP from repositories or workspaces,keep
abused_legitimate_user_privileges,unauthorized_design_copying,Abused legitimate user privileges can allow copying of design artifacts accessible to that user,keep
abused_legitimate_user_privileges,unauthorized_ip_use,Abused legitimate user privileges can allow misuse of IP artifacts through legitimate access,keep
abused_legitimate_user_privileges,ic_functionality_or_feature_modification,Abused legitimate user privileges can modify IC functionality if the user has write access to design artifacts,review
abused_legitimate_user_privileges,malicious_hardware_component_insertion,Abused legitimate user privileges can insert malicious hardware logic if write access is available,review
abused_legitimate_user_privileges,trojan_based_information_leakage,Abused legitimate user privileges can add leakage logic if source or RTL files can be modified,review
abused_legitimate_user_privileges,additional_functionality_in_implementation,Abused legitimate user privileges can add unintended functionality if modification permissions exist,review
abused_legitimate_user_privileges,extra_behavior_beyond_specification,Abused legitimate user privileges can introduce behavior beyond specification if design files can be changed,review
abused_legitimate_user_privileges,unprotected_confidential_data_path,Abused legitimate user privileges can weaken confidential data-path protection if design artifacts can be edited,review
abused_legitimate_user_privileges,redundant_logic_payload,Abused legitimate user privileges can add hidden or redundant payload logic if write access is available,review
abused_legitimate_user_privileges,untestable_or_suspicious_logic,Abused legitimate user privileges can introduce suspicious or difficult-to-test logic if write access is available,review
abused_legitimate_user_privileges,malicious_design_alteration_before_fabrication,Abused legitimate user privileges can alter design artifacts before fabrication if modification privileges exist,review
abused_legitimate_user_privileges,original_circuitry_modification,Abused legitimate user privileges can modify the original circuit description if write access is available,review
abused_legitimate_user_privileges,add_remove_or_bypass_logic,Abused legitimate user privileges can add remove or bypass logic if design artifacts can be edited,review
abused_legitimate_user_privileges,rtl_design_attack,Abused legitimate user privileges can modify RTL or design logic if the user has write permissions,review
abused_legitimate_user_privileges,security_asset_leakage_to_observable_points,Abused legitimate user privileges can expose security assets if design logic can be modified,review
abused_legitimate_user_privileges,break_intended_execution_flow,Abused legitimate user privileges can alter execution or control behavior if design files can be changed,review
attacker_controlled_hosting_system,illegal_access_or_use_of_design_ip,Attacker-controlled hosting system can serve an artifact that accesses design or IP files during downstream VLSI-flow use,review
attacker_controlled_hosting_system,design_ip_extraction,Attacker-controlled hosting system can serve an artifact that extracts design IP during downstream use,review
attacker_controlled_hosting_system,unauthorized_design_copying,Attacker-controlled hosting system can serve an artifact that copies design artifacts during execution,review
attacker_controlled_hosting_system,ic_functionality_or_feature_modification,Attacker-controlled hosting system can serve a modified artifact that changes IC functionality or features,keep
attacker_controlled_hosting_system,malicious_hardware_component_insertion,Attacker-controlled hosting system can serve an artifact containing malicious hardware logic or components,keep
attacker_controlled_hosting_system,extra_functionality_in_hardware,Attacker-controlled hosting system can serve an artifact that introduces extra hardware functionality,keep
attacker_controlled_hosting_system,additional_functionality_in_implementation,Attacker-controlled hosting system can serve an artifact that adds unintended functionality to the implementation,keep
attacker_controlled_hosting_system,extra_behavior_beyond_specification,Attacker-controlled hosting system can serve an artifact that creates behavior beyond the intended specification,keep
attacker_controlled_hosting_system,unprotected_confidential_data_path,Attacker-controlled hosting system can serve an artifact that weakens protection around confidential data paths,review
attacker_controlled_hosting_system,redundant_logic_payload,Attacker-controlled hosting system can serve an artifact carrying hidden or redundant payload logic,keep
attacker_controlled_hosting_system,hard_to_excite_trigger_signal,Attacker-controlled hosting system can serve an artifact containing hard-to-excite trigger signals,review
attacker_controlled_hosting_system,untestable_or_suspicious_logic,Attacker-controlled hosting system can serve an artifact containing suspicious or difficult-to-test logic,keep
attacker_controlled_hosting_system,malicious_design_alteration_before_fabrication,Attacker-controlled hosting system can serve a maliciously altered design artifact before fabrication,keep
attacker_controlled_hosting_system,original_circuitry_modification,Attacker-controlled hosting system can serve an artifact with modified circuit content,keep
attacker_controlled_hosting_system,add_remove_or_bypass_logic,Attacker-controlled hosting system can serve an artifact that adds removes or bypasses design logic,keep
attacker_controlled_hosting_system,presynthesis_structural_manipulation,Attacker-controlled hosting system can serve an artifact with manipulated design structure before synthesis,keep
attacker_controlled_hosting_system,fsm_state_manipulation,Attacker-controlled hosting system can serve an artifact that alters FSM behavior,keep
attacker_controlled_hosting_system,embedded_trojan_states,Attacker-controlled hosting system can serve an artifact containing hidden Trojan FSM states,keep
attacker_controlled_hosting_system,hidden_fsm_driver,Attacker-controlled hosting system can serve an artifact with hidden driver behavior inside FSM logic,keep
attacker_controlled_hosting_system,unremovable_trojan_in_functionality,Attacker-controlled hosting system can serve an artifact where Trojan behavior is merged with intended functionality,keep
attacker_controlled_hosting_system,rtl_design_attack,Attacker-controlled hosting system can serve modified RTL or design logic,keep
attacker_controlled_hosting_system,functional_test_evasion,Attacker-controlled hosting system can serve an artifact designed to pass functional tests while hiding malicious behavior,review
attacker_controlled_hosting_system,malicious_firmware_modification,Attacker-controlled hosting system can serve modified firmware or bitstream-like content,keep
attacker_controlled_hosting_system,trojan_delayed_disable_or_destroy,Attacker-controlled hosting system can serve Trojan behavior that disables or destroys functionality later,review
attacker_controlled_hosting_system,trojan_covert_information_leakage,Attacker-controlled hosting system can serve Trojan behavior that leaks confidential information,keep
attacker_controlled_hosting_system,security_asset_leakage_to_observable_points,Attacker-controlled hosting system can serve an artifact that exposes security assets at observable points,review
attacker_controlled_hosting_system,break_intended_execution_flow,Attacker-controlled hosting system can serve an artifact that alters intended control or execution behavior,keep
attacker_controlled_hosting_system,power_or_time_side_channel_exposure,Attacker-controlled hosting system can serve an artifact that introduces power or timing side-channel exposure,review
attacker_controlled_lookalike_software_artifact,illegal_access_or_use_of_design_ip,Attacker-controlled lookalike artifact can access design or IP files when mistakenly consumed in the VLSI flow,keep
attacker_controlled_lookalike_software_artifact,design_ip_extraction,Attacker-controlled lookalike artifact can read or extract design IP during execution,keep
attacker_controlled_lookalike_software_artifact,unauthorized_design_copying,Attacker-controlled lookalike artifact can copy design artifacts available during tool or dependency execution,keep
attacker_controlled_lookalike_software_artifact,ic_functionality_or_feature_modification,Attacker-controlled lookalike artifact can modify generated IC functionality or design features,keep
attacker_controlled_lookalike_software_artifact,malicious_hardware_component_insertion,Attacker-controlled lookalike artifact can insert malicious hardware logic or components into generated design artifacts,keep
attacker_controlled_lookalike_software_artifact,extra_functionality_in_hardware,Attacker-controlled lookalike artifact can introduce extra hardware functionality beyond the intended design,keep
attacker_controlled_lookalike_software_artifact,additional_functionality_in_implementation,Attacker-controlled lookalike artifact can add unintended functionality during design transformation,keep
attacker_controlled_lookalike_software_artifact,extra_behavior_beyond_specification,Attacker-controlled lookalike artifact can generate behavior beyond the intended specification,keep
attacker_controlled_lookalike_software_artifact,unprotected_confidential_data_path,Attacker-controlled lookalike artifact can weaken protection around confidential data paths,review
attacker_controlled_lookalike_software_artifact,redundant_logic_payload,Attacker-controlled lookalike artifact can insert redundant or hidden payload logic,keep
attacker_controlled_lookalike_software_artifact,hard_to_excite_trigger_signal,Attacker-controlled lookalike artifact can introduce rare or hard-to-excite trigger signals,review
attacker_controlled_lookalike_software_artifact,untestable_or_suspicious_logic,Attacker-controlled lookalike artifact can introduce suspicious or difficult-to-test logic,keep
attacker_controlled_lookalike_software_artifact,malicious_design_alteration_before_fabrication,Attacker-controlled lookalike artifact can alter design artifacts before fabrication,keep
attacker_controlled_lookalike_software_artifact,original_circuitry_modification,Attacker-controlled lookalike artifact can modify the original circuit description or generated circuit,keep
attacker_controlled_lookalike_software_artifact,add_remove_or_bypass_logic,Attacker-controlled lookalike artifact can add remove or bypass logic in the design,keep
attacker_controlled_lookalike_software_artifact,presynthesis_structural_manipulation,Attacker-controlled lookalike artifact can manipulate design structure before synthesis,keep
attacker_controlled_lookalike_software_artifact,fsm_state_manipulation,Attacker-controlled lookalike artifact can alter FSM behavior in source or generated design logic,keep
attacker_controlled_lookalike_software_artifact,embedded_trojan_states,Attacker-controlled lookalike artifact can introduce hidden Trojan states into FSM logic,keep
attacker_controlled_lookalike_software_artifact,hidden_fsm_driver,Attacker-controlled lookalike artifact can hide driver behavior inside FSM logic,keep
attacker_controlled_lookalike_software_artifact,unremovable_trojan_in_functionality,Attacker-controlled lookalike artifact can merge Trojan behavior with intended design functionality,keep
attacker_controlled_lookalike_software_artifact,rtl_design_attack,Attacker-controlled lookalike artifact can modify RTL or generated design logic,keep
attacker_controlled_lookalike_software_artifact,functional_test_evasion,Attacker-controlled lookalike artifact can produce behavior that passes functional tests while hiding malicious logic,review
attacker_controlled_lookalike_software_artifact,malicious_firmware_modification,Attacker-controlled lookalike artifact can deliver modified firmware or bitstream-like content,review
attacker_controlled_lookalike_software_artifact,security_asset_leakage_to_observable_points,Attacker-controlled lookalike artifact can transform security assets so they become observable,keep
attacker_controlled_lookalike_software_artifact,break_intended_execution_flow,Attacker-controlled lookalike artifact can alter generated control or execution behavior,keep
attacker_controlled_lookalike_software_artifact,power_or_time_side_channel_exposure,Attacker-controlled lookalike artifact can generate structures that expose power or timing side channels,review
attacker_controlled_lookalike_software_artifact,fault_or_glitch_attack_enablement,Attacker-controlled lookalike artifact can generate hardware more susceptible to fault or glitch attacks,review
attacker_controlled_mirror_resolution,illegal_access_or_use_of_design_ip,Attacker-controlled mirror resolution can serve an artifact that accesses design or IP files during downstream VLSI-flow use,review
attacker_controlled_mirror_resolution,design_ip_extraction,Attacker-controlled mirror resolution can serve an artifact that extracts design IP during downstream use,review
attacker_controlled_mirror_resolution,unauthorized_design_copying,Attacker-controlled mirror resolution can serve an artifact that copies design artifacts during execution,review
attacker_controlled_mirror_resolution,ic_functionality_or_feature_modification,Attacker-controlled mirror resolution can serve a modified artifact that changes IC functionality or features,keep
attacker_controlled_mirror_resolution,malicious_hardware_component_insertion,Attacker-controlled mirror resolution can serve an artifact containing malicious hardware logic or components,keep
attacker_controlled_mirror_resolution,extra_functionality_in_hardware,Attacker-controlled mirror resolution can serve an artifact that introduces extra hardware functionality,keep
attacker_controlled_mirror_resolution,additional_functionality_in_implementation,Attacker-controlled mirror resolution can serve an artifact that adds unintended functionality to the implementation,keep
attacker_controlled_mirror_resolution,extra_behavior_beyond_specification,Attacker-controlled mirror resolution can serve an artifact that creates behavior beyond the intended specification,keep
attacker_controlled_mirror_resolution,unprotected_confidential_data_path,Attacker-controlled mirror resolution can serve an artifact that weakens protection around confidential data paths,review
attacker_controlled_mirror_resolution,redundant_logic_payload,Attacker-controlled mirror resolution can serve an artifact carrying hidden or redundant payload logic,keep
attacker_controlled_mirror_resolution,hard_to_excite_trigger_signal,Attacker-controlled mirror resolution can serve an artifact containing hard-to-excite trigger signals,review
attacker_controlled_mirror_resolution,untestable_or_suspicious_logic,Attacker-controlled mirror resolution can serve an artifact containing suspicious or difficult-to-test logic,keep
attacker_controlled_mirror_resolution,malicious_design_alteration_before_fabrication,Attacker-controlled mirror resolution can serve a maliciously altered design artifact before fabrication,keep
attacker_controlled_mirror_resolution,original_circuitry_modification,Attacker-controlled mirror resolution can serve an artifact with modified circuit content,keep
attacker_controlled_mirror_resolution,add_remove_or_bypass_logic,Attacker-controlled mirror resolution can serve an artifact that adds removes or bypasses design logic,keep
attacker_controlled_mirror_resolution,presynthesis_structural_manipulation,Attacker-controlled mirror resolution can serve an artifact with manipulated design structure before synthesis,keep
attacker_controlled_mirror_resolution,fsm_state_manipulation,Attacker-controlled mirror resolution can serve an artifact that alters FSM behavior,keep
attacker_controlled_mirror_resolution,embedded_trojan_states,Attacker-controlled mirror resolution can serve an artifact containing hidden Trojan FSM states,keep
attacker_controlled_mirror_resolution,hidden_fsm_driver,Attacker-controlled mirror resolution can serve an artifact with hidden driver behavior inside FSM logic,keep
attacker_controlled_mirror_resolution,unremovable_trojan_in_functionality,Attacker-controlled mirror resolution can serve an artifact where Trojan behavior is merged with intended functionality,keep
attacker_controlled_mirror_resolution,rtl_design_attack,Attacker-controlled mirror resolution can serve modified RTL or design logic,keep
attacker_controlled_mirror_resolution,functional_test_evasion,Attacker-controlled mirror resolution can serve an artifact designed to pass functional tests while hiding malicious behavior,review
attacker_controlled_mirror_resolution,malicious_firmware_modification,Attacker-controlled mirror resolution can serve modified firmware or bitstream-like content,review
attacker_controlled_mirror_resolution,trojan_covert_information_leakage,Attacker-controlled mirror resolution can serve Trojan behavior that leaks confidential information,keep
attacker_controlled_mirror_resolution,security_asset_leakage_to_observable_points,Attacker-controlled mirror resolution can serve an artifact that exposes security assets at observable points,review
attacker_controlled_mirror_resolution,break_intended_execution_flow,Attacker-controlled mirror resolution can serve an artifact that alters intended control or execution behavior,keep
attacker_controlled_mirror_resolution,power_or_time_side_channel_exposure,Attacker-controlled mirror resolution can serve an artifact that introduces power or timing side-channel exposure,review
attacker_controlled_package_name_resolution,illegal_access_or_use_of_design_ip,Attacker-controlled package-name resolution can cause the flow to load an artifact that accesses design or IP files,review
attacker_controlled_package_name_resolution,design_ip_extraction,Attacker-controlled package-name resolution can cause the flow to load an artifact that extracts design IP,review
attacker_controlled_package_name_resolution,unauthorized_design_copying,Attacker-controlled package-name resolution can cause the flow to load an artifact that copies design files,review
attacker_controlled_package_name_resolution,ic_functionality_or_feature_modification,Attacker-controlled package-name resolution can cause the flow to load an artifact that modifies IC functionality or features,keep
attacker_controlled_package_name_resolution,malicious_hardware_component_insertion,Attacker-controlled package-name resolution can cause the flow to load an artifact containing malicious hardware logic or components,keep
attacker_controlled_package_name_resolution,extra_functionality_in_hardware,Attacker-controlled package-name resolution can cause the flow to load an artifact that introduces extra hardware functionality,keep
attacker_controlled_package_name_resolution,additional_functionality_in_implementation,Attacker-controlled package-name resolution can cause the flow to load an artifact that adds unintended functionality to the implementation,keep
attacker_controlled_package_name_resolution,extra_behavior_beyond_specification,Attacker-controlled package-name resolution can cause the flow to load an artifact that creates behavior beyond the intended specification,keep
attacker_controlled_package_name_resolution,unprotected_confidential_data_path,Attacker-controlled package-name resolution can cause the flow to load an artifact that weakens protection around confidential data paths,review
attacker_controlled_package_name_resolution,redundant_logic_payload,Attacker-controlled package-name resolution can cause the flow to load an artifact carrying hidden or redundant payload logic,keep
attacker_controlled_package_name_resolution,hard_to_excite_trigger_signal,Attacker-controlled package-name resolution can cause the flow to load an artifact containing hard-to-excite trigger signals,review
attacker_controlled_package_name_resolution,untestable_or_suspicious_logic,Attacker-controlled package-name resolution can cause the flow to load an artifact containing suspicious or difficult-to-test logic,keep
attacker_controlled_package_name_resolution,malicious_design_alteration_before_fabrication,Attacker-controlled package-name resolution can cause a maliciously altered design artifact to enter the flow before fabrication,keep
attacker_controlled_package_name_resolution,original_circuitry_modification,Attacker-controlled package-name resolution can cause the flow to load an artifact with modified circuit content,keep
attacker_controlled_package_name_resolution,add_remove_or_bypass_logic,Attacker-controlled package-name resolution can cause the flow to load an artifact that adds removes or bypasses design logic,keep
attacker_controlled_package_name_resolution,presynthesis_structural_manipulation,Attacker-controlled package-name resolution can cause the flow to load an artifact with manipulated design structure before synthesis,keep
attacker_controlled_package_name_resolution,fsm_state_manipulation,Attacker-controlled package-name resolution can cause the flow to load an artifact that alters FSM behavior,keep
attacker_controlled_package_name_resolution,embedded_trojan_states,Attacker-controlled package-name resolution can cause the flow to load an artifact containing hidden Trojan FSM states,keep
attacker_controlled_package_name_resolution,hidden_fsm_driver,Attacker-controlled package-name resolution can cause the flow to load an artifact with hidden driver behavior inside FSM logic,keep
attacker_controlled_package_name_resolution,unremovable_trojan_in_functionality,Attacker-controlled package-name resolution can cause the flow to load an artifact where Trojan behavior is merged with intended functionality,keep
attacker_controlled_package_name_resolution,rtl_design_attack,Attacker-controlled package-name resolution can cause the flow to consume modified RTL or design logic,keep
attacker_controlled_package_name_resolution,functional_test_evasion,Attacker-controlled package-name resolution can cause the flow to load an artifact designed to pass functional tests while hiding malicious behavior,review
attacker_controlled_package_name_resolution,malicious_firmware_modification,Attacker-controlled package-name resolution can cause the flow to load modified firmware or bitstream-like content,review
attacker_controlled_package_name_resolution,trojan_covert_information_leakage,Attacker-controlled package-name resolution can cause the flow to load Trojan behavior that leaks confidential information,keep
attacker_controlled_package_name_resolution,security_asset_leakage_to_observable_points,Attacker-controlled package-name resolution can cause the flow to load an artifact that exposes security assets at observable points,review
attacker_controlled_package_name_resolution,break_intended_execution_flow,Attacker-controlled package-name resolution can cause the flow to load an artifact that alters intended control or execution behavior,keep
attacker_controlled_package_name_resolution,power_or_time_side_channel_exposure,Attacker-controlled package-name resolution can cause the flow to load an artifact that introduces power or timing side-channel exposure,review
attacker_controlled_dependency_reference,illegal_access_or_use_of_design_ip,Attacker-controlled dependency reference can cause the flow to load a dependency that accesses design or IP files,review
attacker_controlled_dependency_reference,design_ip_extraction,Attacker-controlled dependency reference can cause the flow to load a dependency that extracts design IP,review
attacker_controlled_dependency_reference,unauthorized_design_copying,Attacker-controlled dependency reference can cause the flow to load a dependency that copies design artifacts,review
attacker_controlled_dependency_reference,ic_functionality_or_feature_modification,Attacker-controlled dependency reference can cause the flow to consume a dependency that modifies IC functionality or features,keep
attacker_controlled_dependency_reference,malicious_hardware_component_insertion,Attacker-controlled dependency reference can introduce a dependency that inserts malicious hardware logic or components,keep
attacker_controlled_dependency_reference,extra_functionality_in_hardware,Attacker-controlled dependency reference can introduce a dependency that adds extra hardware functionality,keep
attacker_controlled_dependency_reference,additional_functionality_in_implementation,Attacker-controlled dependency reference can introduce a dependency that adds unintended functionality to the implementation,keep
attacker_controlled_dependency_reference,extra_behavior_beyond_specification,Attacker-controlled dependency reference can introduce a dependency that produces behavior beyond the intended specification,keep
attacker_controlled_dependency_reference,unprotected_confidential_data_path,Attacker-controlled dependency reference can introduce a dependency that weakens protection around confidential data paths,review
attacker_controlled_dependency_reference,redundant_logic_payload,Attacker-controlled dependency reference can introduce a dependency carrying hidden or redundant payload logic,keep
attacker_controlled_dependency_reference,hard_to_excite_trigger_signal,Attacker-controlled dependency reference can introduce a dependency that creates hard-to-excite trigger signals,review
attacker_controlled_dependency_reference,untestable_or_suspicious_logic,Attacker-controlled dependency reference can introduce a dependency that creates suspicious or difficult-to-test logic,keep
attacker_controlled_dependency_reference,malicious_design_alteration_before_fabrication,Attacker-controlled dependency reference can cause a malicious dependency to alter design artifacts before fabrication,keep
attacker_controlled_dependency_reference,original_circuitry_modification,Attacker-controlled dependency reference can introduce a dependency that modifies the circuit representation,keep
attacker_controlled_dependency_reference,add_remove_or_bypass_logic,Attacker-controlled dependency reference can introduce a dependency that adds removes or bypasses design logic,keep
attacker_controlled_dependency_reference,presynthesis_structural_manipulation,Attacker-controlled dependency reference can introduce a dependency that manipulates design structure before synthesis,keep
attacker_controlled_dependency_reference,fsm_state_manipulation,Attacker-controlled dependency reference can introduce a dependency that alters FSM behavior,keep
attacker_controlled_dependency_reference,embedded_trojan_states,Attacker-controlled dependency reference can introduce a dependency that embeds Trojan states into FSM logic,keep
attacker_controlled_dependency_reference,hidden_fsm_driver,Attacker-controlled dependency reference can introduce a dependency that hides driver behavior inside FSM logic,keep
attacker_controlled_dependency_reference,unremovable_trojan_in_functionality,Attacker-controlled dependency reference can introduce a dependency that merges Trojan behavior with intended functionality,keep
attacker_controlled_dependency_reference,rtl_design_attack,Attacker-controlled dependency reference can cause the flow to consume a dependency that modifies RTL or design logic,keep
attacker_controlled_dependency_reference,functional_test_evasion,Attacker-controlled dependency reference can introduce a dependency that helps malicious behavior pass functional tests,review
attacker_controlled_dependency_reference,malicious_firmware_modification,Attacker-controlled dependency reference can resolve to a dependency that modifies firmware or bitstream-like content,review
attacker_controlled_dependency_reference,security_asset_leakage_to_observable_points,Attacker-controlled dependency reference can introduce a dependency that exposes security assets at observable points,review
attacker_controlled_dependency_reference,break_intended_execution_flow,Attacker-controlled dependency reference can introduce a dependency that alters intended control or execution behavior,keep
attacker_controlled_dependency_reference,fault_or_glitch_attack_enablement,Attacker-controlled dependency reference can introduce a dependency that generates hardware more susceptible to fault or glitch attacks,review
attacker_controlled_dependency_reference,power_or_time_side_channel_exposure,Attacker-controlled dependency reference can introduce a dependency that creates power or timing side-channel exposure,review
attacker_controlled_dependency_reference,security_unaware_power_optimization,Attacker-controlled dependency reference can introduce a dependency that applies optimization choices without side-channel security awareness,review
attacker_controlled_stale_mirror_artifact,ic_functionality_or_feature_modification,Stale mirror artifact can cause the flow to consume outdated or modified content that changes IC functionality or features,review
attacker_controlled_stale_mirror_artifact,malicious_hardware_component_insertion,Stale mirror artifact can carry malicious hardware logic if the stale artifact was previously compromised,review
attacker_controlled_stale_mirror_artifact,extra_functionality_in_hardware,Stale mirror artifact can contain extra hardware functionality if the served artifact is outdated or compromised,review
attacker_controlled_stale_mirror_artifact,additional_functionality_in_implementation,Stale mirror artifact can introduce unintended functionality through outdated or compromised implementation content,review
attacker_controlled_stale_mirror_artifact,extra_behavior_beyond_specification,Stale mirror artifact can preserve behavior beyond the intended current specification,review
attacker_controlled_stale_mirror_artifact,unprotected_confidential_data_path,Stale mirror artifact can reintroduce older design behavior with weaker confidential data-path protection,review
attacker_controlled_stale_mirror_artifact,untestable_or_suspicious_logic,Stale mirror artifact can contain suspicious or difficult-to-test logic from an outdated artifact,review
attacker_controlled_stale_mirror_artifact,malicious_design_alteration_before_fabrication,Stale mirror artifact can cause an outdated or compromised design artifact to enter the flow before fabrication,review
attacker_controlled_stale_mirror_artifact,original_circuitry_modification,Stale mirror artifact can replace current circuit content with older or modified circuit content,review
attacker_controlled_stale_mirror_artifact,add_remove_or_bypass_logic,Stale mirror artifact can contain older or modified logic that adds removes or bypasses intended behavior,review
attacker_controlled_stale_mirror_artifact,presynthesis_structural_manipulation,Stale mirror artifact can contain outdated or compromised structural manipulation before synthesis,review
attacker_controlled_stale_mirror_artifact,fsm_state_manipulation,Stale mirror artifact can contain older or compromised FSM behavior,review
attacker_controlled_stale_mirror_artifact,embedded_trojan_states,Stale mirror artifact can preserve hidden Trojan FSM states if the stale artifact was compromised,review
attacker_controlled_stale_mirror_artifact,hidden_fsm_driver,Stale mirror artifact can preserve hidden driver behavior inside FSM logic if the stale artifact was compromised,review
attacker_controlled_stale_mirror_artifact,unremovable_trojan_in_functionality,Stale mirror artifact can preserve Trojan behavior merged with intended functionality,review
attacker_controlled_stale_mirror_artifact,rtl_design_attack,Stale mirror artifact can cause the flow to consume outdated or modified RTL/design logic,review
attacker_controlled_stale_mirror_artifact,functional_test_evasion,Stale mirror artifact can preserve malicious or outdated behavior that still passes functional tests,review
attacker_controlled_stale_mirror_artifact,malicious_firmware_modification,Stale mirror artifact can provide outdated or modified firmware or bitstream-like content,review
attacker_controlled_stale_mirror_artifact,security_asset_leakage_to_observable_points,Stale mirror artifact can reintroduce older behavior where security assets become observable,review
attacker_controlled_stale_mirror_artifact,break_intended_execution_flow,Stale mirror artifact can reintroduce older or modified control-flow behavior,review
attacker_controlled_stale_mirror_artifact,power_or_time_side_channel_exposure,Stale mirror artifact can reintroduce older structures with power or timing side-channel exposure,review
attacker_controlled_update_path,illegal_access_or_use_of_design_ip,Attacker-controlled update path can deliver an updated artifact that accesses design or IP files during the VLSI flow,review
attacker_controlled_update_path,design_ip_extraction,Attacker-controlled update path can deliver an updated artifact that extracts design IP during downstream use,review
attacker_controlled_update_path,unauthorized_design_copying,Attacker-controlled update path can deliver an updated artifact that copies design artifacts during execution,review
attacker_controlled_update_path,ic_functionality_or_feature_modification,Attacker-controlled update path can deliver a modified artifact that changes IC functionality or features,keep
attacker_controlled_update_path,malicious_hardware_component_insertion,Attacker-controlled update path can deliver an artifact containing malicious hardware logic or components,keep
attacker_controlled_update_path,extra_functionality_in_hardware,Attacker-controlled update path can deliver an artifact that introduces extra hardware functionality,keep
attacker_controlled_update_path,additional_functionality_in_implementation,Attacker-controlled update path can deliver an artifact that adds unintended functionality to the implementation,keep
attacker_controlled_update_path,extra_behavior_beyond_specification,Attacker-controlled update path can deliver an artifact that produces behavior beyond the intended specification,keep
attacker_controlled_update_path,unprotected_confidential_data_path,Attacker-controlled update path can deliver an artifact that weakens protection around confidential data paths,review
attacker_controlled_update_path,redundant_logic_payload,Attacker-controlled update path can deliver an artifact carrying hidden or redundant payload logic,keep
attacker_controlled_update_path,hard_to_excite_trigger_signal,Attacker-controlled update path can deliver an artifact containing hard-to-excite trigger signals,review
attacker_controlled_update_path,untestable_or_suspicious_logic,Attacker-controlled update path can deliver an artifact containing suspicious or difficult-to-test logic,keep
attacker_controlled_update_path,malicious_design_alteration_before_fabrication,Attacker-controlled update path can deliver a maliciously altered design artifact before fabrication,keep
attacker_controlled_update_path,original_circuitry_modification,Attacker-controlled update path can deliver an artifact with modified circuit content,keep
attacker_controlled_update_path,add_remove_or_bypass_logic,Attacker-controlled update path can deliver an artifact that adds removes or bypasses design logic,keep
attacker_controlled_update_path,presynthesis_structural_manipulation,Attacker-controlled update path can deliver an artifact with manipulated design structure before synthesis,keep
attacker_controlled_update_path,fsm_state_manipulation,Attacker-controlled update path can deliver an artifact that alters FSM behavior,keep
attacker_controlled_update_path,embedded_trojan_states,Attacker-controlled update path can deliver an artifact containing hidden Trojan FSM states,keep
attacker_controlled_update_path,hidden_fsm_driver,Attacker-controlled update path can deliver an artifact with hidden driver behavior inside FSM logic,keep
attacker_controlled_update_path,unremovable_trojan_in_functionality,Attacker-controlled update path can deliver an artifact where Trojan behavior is merged with intended functionality,keep
attacker_controlled_update_path,rtl_design_attack,Attacker-controlled update path can deliver modified RTL or design logic,keep
attacker_controlled_update_path,functional_test_evasion,Attacker-controlled update path can deliver an artifact designed to pass functional tests while hiding malicious behavior,review
attacker_controlled_update_path,malicious_firmware_modification,Attacker-controlled update path can deliver modified firmware or bitstream-like content,keep
attacker_controlled_update_path,trojan_delayed_disable_or_destroy,Attacker-controlled update path can deliver Trojan behavior that disables or destroys functionality later,review
attacker_controlled_update_path,trojan_covert_information_leakage,Attacker-controlled update path can deliver Trojan behavior that leaks confidential information,keep
attacker_controlled_update_path,security_asset_leakage_to_observable_points,Attacker-controlled update path can deliver an artifact that exposes security assets at observable points,review
attacker_controlled_update_path,break_intended_execution_flow,Attacker-controlled update path can deliver an artifact that alters intended control or execution behavior,keep
attacker_controlled_update_path,power_or_time_side_channel_exposure,Attacker-controlled update path can deliver an artifact that introduces power or timing side-channel exposure,review
attacker_controlled_reused_version_artifact,illegal_access_or_use_of_design_ip,Attacker-controlled reused-version artifact can access design or IP files when consumed in the VLSI flow,review
attacker_controlled_reused_version_artifact,design_ip_extraction,Attacker-controlled reused-version artifact can extract design IP during downstream use,review
attacker_controlled_reused_version_artifact,unauthorized_design_copying,Attacker-controlled reused-version artifact can copy design artifacts available during execution,review
attacker_controlled_reused_version_artifact,ic_functionality_or_feature_modification,Attacker-controlled reused-version artifact can modify IC functionality or design features while appearing to be an expected version,keep
attacker_controlled_reused_version_artifact,malicious_hardware_component_insertion,Attacker-controlled reused-version artifact can contain malicious hardware logic or components,keep
attacker_controlled_reused_version_artifact,extra_functionality_in_hardware,Attacker-controlled reused-version artifact can introduce extra hardware functionality beyond the intended design,keep
attacker_controlled_reused_version_artifact,additional_functionality_in_implementation,Attacker-controlled reused-version artifact can add unintended functionality to the implementation,keep
attacker_controlled_reused_version_artifact,extra_behavior_beyond_specification,Attacker-controlled reused-version artifact can create behavior beyond the intended specification,keep
attacker_controlled_reused_version_artifact,unprotected_confidential_data_path,Attacker-controlled reused-version artifact can weaken protection around confidential data paths,review
attacker_controlled_reused_version_artifact,redundant_logic_payload,Attacker-controlled reused-version artifact can carry hidden or redundant payload logic,keep
attacker_controlled_reused_version_artifact,hard_to_excite_trigger_signal,Attacker-controlled reused-version artifact can contain hard-to-excite trigger signals,review
attacker_controlled_reused_version_artifact,untestable_or_suspicious_logic,Attacker-controlled reused-version artifact can contain suspicious or difficult-to-test logic,keep
attacker_controlled_reused_version_artifact,malicious_design_alteration_before_fabrication,Attacker-controlled reused-version artifact can carry malicious design alterations before fabrication,keep
attacker_controlled_reused_version_artifact,original_circuitry_modification,Attacker-controlled reused-version artifact can contain modified circuit content,keep
attacker_controlled_reused_version_artifact,add_remove_or_bypass_logic,Attacker-controlled reused-version artifact can add remove or bypass design logic,keep
attacker_controlled_reused_version_artifact,presynthesis_structural_manipulation,Attacker-controlled reused-version artifact can contain manipulated design structure before synthesis,keep
attacker_controlled_reused_version_artifact,fsm_state_manipulation,Attacker-controlled reused-version artifact can alter FSM behavior,keep
attacker_controlled_reused_version_artifact,embedded_trojan_states,Attacker-controlled reused-version artifact can contain hidden Trojan FSM states,keep
attacker_controlled_reused_version_artifact,hidden_fsm_driver,Attacker-controlled reused-version artifact can contain hidden driver behavior inside FSM logic,keep
attacker_controlled_reused_version_artifact,unremovable_trojan_in_functionality,Attacker-controlled reused-version artifact can merge Trojan behavior with intended functionality,keep
attacker_controlled_reused_version_artifact,rtl_design_attack,Attacker-controlled reused-version artifact can carry modified RTL or design logic,keep
attacker_controlled_reused_version_artifact,functional_test_evasion,Attacker-controlled reused-version artifact can preserve malicious behavior while still passing functional tests,review
attacker_controlled_reused_version_artifact,malicious_firmware_modification,Attacker-controlled reused-version artifact can provide modified firmware or bitstream-like content,keep
attacker_controlled_reused_version_artifact,trojan_covert_information_leakage,Attacker-controlled reused-version artifact can carry Trojan behavior that leaks confidential information,keep
attacker_controlled_reused_version_artifact,security_asset_leakage_to_observable_points,Attacker-controlled reused-version artifact can expose security assets at observable points,review
attacker_controlled_reused_version_artifact,break_intended_execution_flow,Attacker-controlled reused-version artifact can alter intended control or execution behavior,keep
attacker_controlled_reused_version_artifact,power_or_time_side_channel_exposure,Attacker-controlled reused-version artifact can introduce power or timing side-channel exposure,review
attacker_controlled_package_content_tampering,illegal_access_or_use_of_design_ip,Tampered package content can access design or IP files when consumed in the VLSI flow,review
attacker_controlled_package_content_tampering,design_ip_extraction,Tampered package content can extract design IP during downstream use,review
attacker_controlled_package_content_tampering,unauthorized_design_copying,Tampered package content can copy design artifacts available during execution,review
attacker_controlled_package_content_tampering,ic_functionality_or_feature_modification,Tampered package content can modify IC functionality or design features,keep
attacker_controlled_package_content_tampering,malicious_hardware_component_insertion,Tampered package content can include malicious hardware logic or components,keep
attacker_controlled_package_content_tampering,extra_functionality_in_hardware,Tampered package content can introduce extra hardware functionality beyond the intended design,keep
attacker_controlled_package_content_tampering,additional_functionality_in_implementation,Tampered package content can add unintended functionality to the implementation,keep
attacker_controlled_package_content_tampering,extra_behavior_beyond_specification,Tampered package content can create behavior beyond the intended specification,keep
attacker_controlled_package_content_tampering,unprotected_confidential_data_path,Tampered package content can weaken protection around confidential data paths,review
attacker_controlled_package_content_tampering,redundant_logic_payload,Tampered package content can carry hidden or redundant payload logic,keep
attacker_controlled_package_content_tampering,hard_to_excite_trigger_signal,Tampered package content can contain hard-to-excite trigger signals,review
attacker_controlled_package_content_tampering,untestable_or_suspicious_logic,Tampered package content can contain suspicious or difficult-to-test logic,keep
attacker_controlled_package_content_tampering,malicious_design_alteration_before_fabrication,Tampered package content can carry malicious design alterations before fabrication,keep
attacker_controlled_package_content_tampering,original_circuitry_modification,Tampered package content can contain modified circuit content,keep
attacker_controlled_package_content_tampering,add_remove_or_bypass_logic,Tampered package content can add remove or bypass design logic,keep
attacker_controlled_package_content_tampering,presynthesis_structural_manipulation,Tampered package content can contain manipulated design structure before synthesis,keep
attacker_controlled_package_content_tampering,fsm_state_manipulation,Tampered package content can alter FSM behavior,keep
attacker_controlled_package_content_tampering,embedded_trojan_states,Tampered package content can contain hidden Trojan FSM states,keep
attacker_controlled_package_content_tampering,hidden_fsm_driver,Tampered package content can contain hidden driver behavior inside FSM logic,keep
attacker_controlled_package_content_tampering,unremovable_trojan_in_functionality,Tampered package content can merge Trojan behavior with intended functionality,keep
attacker_controlled_package_content_tampering,rtl_design_attack,Tampered package content can carry modified RTL or design logic,keep
attacker_controlled_package_content_tampering,functional_test_evasion,Tampered package content can preserve malicious behavior while still passing functional tests,review
attacker_controlled_package_content_tampering,malicious_firmware_modification,Tampered package content can provide modified firmware or bitstream-like content,keep
attacker_controlled_package_content_tampering,trojan_covert_information_leakage,Tampered package content can carry Trojan behavior that leaks confidential information,keep
attacker_controlled_package_content_tampering,security_asset_leakage_to_observable_points,Tampered package content can expose security assets at observable points,review
attacker_controlled_package_content_tampering,break_intended_execution_flow,Tampered package content can alter intended control or execution behavior,keep
attacker_controlled_package_content_tampering,power_or_time_side_channel_exposure,Tampered package content can introduce power or timing side-channel exposure,review
attacker_exploitable_vulnerable_dependency,illegal_access_or_use_of_design_ip,Exploitable vulnerable dependency can allow attacker access to design or IP files if the vulnerability is triggered during the VLSI flow,review
attacker_exploitable_vulnerable_dependency,design_ip_extraction,Exploitable vulnerable dependency can enable design IP extraction if exploited during tool or build execution,review
attacker_exploitable_vulnerable_dependency,unauthorized_design_copying,Exploitable vulnerable dependency can enable copying of design artifacts if exploitation gives file access,review
attacker_exploitable_vulnerable_dependency,ic_functionality_or_feature_modification,Exploitable vulnerable dependency can allow modification of generated design functionality if exploitation gives execution or write control,review
attacker_exploitable_vulnerable_dependency,malicious_hardware_component_insertion,Exploitable vulnerable dependency can enable insertion of malicious hardware logic if exploitation gives control over generated artifacts,review
attacker_exploitable_vulnerable_dependency,additional_functionality_in_implementation,Exploitable vulnerable dependency can introduce unintended functionality if exploitation affects design transformation,review
attacker_exploitable_vulnerable_dependency,extra_behavior_beyond_specification,Exploitable vulnerable dependency can produce behavior beyond specification if exploitation influences generated design artifacts,review
attacker_exploitable_vulnerable_dependency,unprotected_confidential_data_path,Exploitable vulnerable dependency can weaken confidential data-path protection if it affects generated logic or analysis output,review
attacker_exploitable_vulnerable_dependency,untestable_or_suspicious_logic,Exploitable vulnerable dependency can result in suspicious or difficult-to-test logic if exploited during design generation,review
attacker_exploitable_vulnerable_dependency,malicious_design_alteration_before_fabrication,Exploitable vulnerable dependency can enable design alteration before fabrication if exploitation affects generated artifacts,review
attacker_exploitable_vulnerable_dependency,original_circuitry_modification,Exploitable vulnerable dependency can enable modification of circuit representation if exploitation gives control over tool outputs,review
attacker_exploitable_vulnerable_dependency,add_remove_or_bypass_logic,Exploitable vulnerable dependency can enable adding removing or bypassing logic if exploitation affects generated design content,review
attacker_exploitable_vulnerable_dependency,rtl_design_attack,Exploitable vulnerable dependency can enable RTL or design-logic modification if exploited during design processing,review
attacker_exploitable_vulnerable_dependency,functional_test_evasion,Exploitable vulnerable dependency can affect test or verification behavior so malicious behavior is not detected,review
attacker_exploitable_vulnerable_dependency,security_asset_leakage_to_observable_points,Exploitable vulnerable dependency can cause security assets to become observable if it affects design transformation or analysis,review
attacker_exploitable_vulnerable_dependency,break_intended_execution_flow,Exploitable vulnerable dependency can alter generated control or execution behavior if exploited during the flow,review
attacker_exploitable_vulnerable_dependency,fault_or_glitch_attack_enablement,Exploitable vulnerable dependency can generate or preserve behavior that increases susceptibility to fault or glitch attacks,review
attacker_exploitable_vulnerable_dependency,power_or_time_side_channel_exposure,Exploitable vulnerable dependency can introduce or preserve structures that expose power or timing side channels,review
attacker_exploitable_vulnerable_dependency,critical_function_inlining_expands_sensitive_registers,Exploitable vulnerable dependency can affect HLS transformations such as function inlining in security-sensitive logic,review
attacker_exploitable_vulnerable_dependency,sensitive_register_retention_after_reset,Exploitable vulnerable dependency can preserve insecure reset behavior for sensitive registers if it affects generated RTL,review
attacker_exploitable_vulnerable_dependency,insecure_unknown_state_after_reset,Exploitable vulnerable dependency can preserve insecure unknown reset states if it affects generated RTL,review
attacker_exploitable_vulnerable_dependency,secure_and_nonsecure_operations_share_hardware_resources,Exploitable vulnerable dependency can affect resource-sharing decisions between secure and non-secure operations,review
attacker_exploitable_vulnerable_dependency,secure_and_nonsecure_assets_reach_outputs_at_different_depths,Exploitable vulnerable dependency can affect pipeline behavior so secure and non-secure assets reach outputs differently,review
attacker_exploitable_vulnerable_dependency,fault_vulnerable_hls_generated_fsm,Exploitable vulnerable dependency can affect generated FSM logic and increase fault vulnerability,review
attacker_exploitable_vulnerable_dependency,security_unaware_power_optimization,Exploitable vulnerable dependency can influence optimization behavior that ignores power side-channel security,review
attacker_controlled_signing_identity,illegal_access_or_use_of_design_ip,Attacker-controlled signing identity can sign an artifact that accesses design or IP files during downstream VLSI-flow use,review
attacker_controlled_signing_identity,design_ip_extraction,Attacker-controlled signing identity can sign an artifact that extracts design IP during downstream use,review
attacker_controlled_signing_identity,unauthorized_design_copying,Attacker-controlled signing identity can sign an artifact that copies design artifacts during execution,review
attacker_controlled_signing_identity,ic_functionality_or_feature_modification,Attacker-controlled signing identity can sign a modified artifact that changes IC functionality or features,keep
attacker_controlled_signing_identity,malicious_hardware_component_insertion,Attacker-controlled signing identity can sign an artifact containing malicious hardware logic or components,keep
attacker_controlled_signing_identity,extra_functionality_in_hardware,Attacker-controlled signing identity can sign an artifact that introduces extra hardware functionality,keep
attacker_controlled_signing_identity,additional_functionality_in_implementation,Attacker-controlled signing identity can sign an artifact that adds unintended functionality to the implementation,keep
attacker_controlled_signing_identity,extra_behavior_beyond_specification,Attacker-controlled signing identity can sign an artifact that creates behavior beyond the intended specification,keep
attacker_controlled_signing_identity,unprotected_confidential_data_path,Attacker-controlled signing identity can sign an artifact that weakens protection around confidential data paths,review
attacker_controlled_signing_identity,redundant_logic_payload,Attacker-controlled signing identity can sign an artifact carrying hidden or redundant payload logic,keep
attacker_controlled_signing_identity,hard_to_excite_trigger_signal,Attacker-controlled signing identity can sign an artifact containing hard-to-excite trigger signals,review
attacker_controlled_signing_identity,untestable_or_suspicious_logic,Attacker-controlled signing identity can sign an artifact containing suspicious or difficult-to-test logic,keep
attacker_controlled_signing_identity,malicious_design_alteration_before_fabrication,Attacker-controlled signing identity can sign a maliciously altered design artifact before fabrication,keep
attacker_controlled_signing_identity,original_circuitry_modification,Attacker-controlled signing identity can sign an artifact with modified circuit content,keep
attacker_controlled_signing_identity,add_remove_or_bypass_logic,Attacker-controlled signing identity can sign an artifact that adds removes or bypasses design logic,keep
attacker_controlled_signing_identity,presynthesis_structural_manipulation,Attacker-controlled signing identity can sign an artifact with manipulated design structure before synthesis,keep
attacker_controlled_signing_identity,fsm_state_manipulation,Attacker-controlled signing identity can sign an artifact that alters FSM behavior,keep
attacker_controlled_signing_identity,embedded_trojan_states,Attacker-controlled signing identity can sign an artifact containing hidden Trojan FSM states,keep
attacker_controlled_signing_identity,hidden_fsm_driver,Attacker-controlled signing identity can sign an artifact with hidden driver behavior inside FSM logic,keep
attacker_controlled_signing_identity,unremovable_trojan_in_functionality,Attacker-controlled signing identity can sign an artifact where Trojan behavior is merged with intended functionality,keep
attacker_controlled_signing_identity,rtl_design_attack,Attacker-controlled signing identity can sign modified RTL or design logic,keep
attacker_controlled_signing_identity,functional_test_evasion,Attacker-controlled signing identity can sign an artifact designed to pass functional tests while hiding malicious behavior,review
attacker_controlled_signing_identity,malicious_firmware_modification,Attacker-controlled signing identity can sign modified firmware or bitstream-like content,keep
attacker_controlled_signing_identity,trojan_covert_information_leakage,Attacker-controlled signing identity can sign Trojan behavior that leaks confidential information,keep
attacker_controlled_signing_identity,security_asset_leakage_to_observable_points,Attacker-controlled signing identity can sign an artifact that exposes security assets at observable points,review
attacker_controlled_signing_identity,break_intended_execution_flow,Attacker-controlled signing identity can sign an artifact that alters intended control or execution behavior,keep
attacker_controlled_signing_identity,power_or_time_side_channel_exposure,Attacker-controlled signing identity can sign an artifact that introduces power or timing side-channel exposure,review
attacker_controlled_signature_verification_bypass,illegal_access_or_use_of_design_ip,Signature-verification bypass can allow an untrusted artifact that accesses design or IP files to be accepted,review
attacker_controlled_signature_verification_bypass,design_ip_extraction,Signature-verification bypass can allow an untrusted artifact that extracts design IP to be accepted,review
attacker_controlled_signature_verification_bypass,unauthorized_design_copying,Signature-verification bypass can allow an untrusted artifact that copies design artifacts to be accepted,review
attacker_controlled_signature_verification_bypass,ic_functionality_or_feature_modification,Signature-verification bypass can allow a modified artifact that changes IC functionality or features to be accepted,keep
attacker_controlled_signature_verification_bypass,malicious_hardware_component_insertion,Signature-verification bypass can allow an artifact containing malicious hardware logic or components to be accepted,keep
attacker_controlled_signature_verification_bypass,extra_functionality_in_hardware,Signature-verification bypass can allow an artifact with extra hardware functionality to be accepted,keep
attacker_controlled_signature_verification_bypass,additional_functionality_in_implementation,Signature-verification bypass can allow an artifact that adds unintended functionality to be accepted,keep
attacker_controlled_signature_verification_bypass,extra_behavior_beyond_specification,Signature-verification bypass can allow an artifact with behavior beyond the intended specification to be accepted,keep
attacker_controlled_signature_verification_bypass,unprotected_confidential_data_path,Signature-verification bypass can allow an artifact that weakens confidential data-path protection to be accepted,review
attacker_controlled_signature_verification_bypass,redundant_logic_payload,Signature-verification bypass can allow an artifact carrying hidden or redundant payload logic to be accepted,keep
attacker_controlled_signature_verification_bypass,hard_to_excite_trigger_signal,Signature-verification bypass can allow an artifact containing hard-to-excite trigger signals to be accepted,review
attacker_controlled_signature_verification_bypass,untestable_or_suspicious_logic,Signature-verification bypass can allow suspicious or difficult-to-test logic to enter the flow,keep
attacker_controlled_signature_verification_bypass,malicious_design_alteration_before_fabrication,Signature-verification bypass can allow a maliciously altered design artifact to enter the flow before fabrication,keep
attacker_controlled_signature_verification_bypass,original_circuitry_modification,Signature-verification bypass can allow an artifact with modified circuit content to be accepted,keep
attacker_controlled_signature_verification_bypass,add_remove_or_bypass_logic,Signature-verification bypass can allow an artifact that adds removes or bypasses design logic to be accepted,keep
attacker_controlled_signature_verification_bypass,presynthesis_structural_manipulation,Signature-verification bypass can allow an artifact with manipulated design structure before synthesis to be accepted,keep
attacker_controlled_signature_verification_bypass,fsm_state_manipulation,Signature-verification bypass can allow an artifact that alters FSM behavior to be accepted,keep
attacker_controlled_signature_verification_bypass,embedded_trojan_states,Signature-verification bypass can allow an artifact containing hidden Trojan FSM states to be accepted,keep
attacker_controlled_signature_verification_bypass,hidden_fsm_driver,Signature-verification bypass can allow an artifact with hidden driver behavior inside FSM logic to be accepted,keep
attacker_controlled_signature_verification_bypass,unremovable_trojan_in_functionality,Signature-verification bypass can allow an artifact where Trojan behavior is merged with intended functionality to be accepted,keep
attacker_controlled_signature_verification_bypass,rtl_design_attack,Signature-verification bypass can allow modified RTL or design logic to be accepted,keep
attacker_controlled_signature_verification_bypass,functional_test_evasion,Signature-verification bypass can allow an artifact designed to pass functional tests while hiding malicious behavior to be accepted,review
attacker_controlled_signature_verification_bypass,malicious_firmware_modification,Signature-verification bypass can allow modified firmware or bitstream-like content to be accepted,keep
attacker_controlled_signature_verification_bypass,trojan_covert_information_leakage,Signature-verification bypass can allow Trojan behavior that leaks confidential information to be accepted,keep
attacker_controlled_signature_verification_bypass,security_asset_leakage_to_observable_points,Signature-verification bypass can allow an artifact that exposes security assets at observable points to be accepted,review
attacker_controlled_signature_verification_bypass,break_intended_execution_flow,Signature-verification bypass can allow an artifact that alters intended control or execution behavior to be accepted,keep
attacker_controlled_signature_verification_bypass,power_or_time_side_channel_exposure,Signature-verification bypass can allow an artifact that introduces power or timing side-channel exposure to be accepted,review
attacker_controlled_insecure_development_configuration,unprotected_confidential_data_path,Insecure development configuration can leave confidential data paths unprotected during design generation or checking,review
attacker_controlled_insecure_development_configuration,extra_behavior_beyond_specification,Insecure development configuration can cause generated behavior to deviate from the intended specification,review
attacker_controlled_insecure_development_configuration,security_asset_leakage_to_observable_points,Insecure development configuration can allow security assets to propagate to observable points,keep
attacker_controlled_insecure_development_configuration,break_intended_execution_flow,Insecure development configuration can alter generated control or execution behavior,review
attacker_controlled_insecure_development_configuration,fault_or_glitch_attack_enablement,Insecure development configuration can generate hardware more susceptible to fault or glitch attacks,review
attacker_controlled_insecure_development_configuration,power_or_time_side_channel_exposure,Insecure development configuration can expose power or timing side channels through generated logic,keep
attacker_controlled_insecure_development_configuration,critical_function_inlining_expands_sensitive_registers,Insecure HLS configuration can inline critical functions and expand sensitive registers,keep
attacker_controlled_insecure_development_configuration,sensitive_register_retention_after_reset,Insecure reset configuration can leave sensitive registers uncleared after reset,keep
attacker_controlled_insecure_development_configuration,insecure_unknown_state_after_reset,Insecure reset or initialization configuration can leave logic in unknown insecure states after reset,keep
attacker_controlled_insecure_development_configuration,intermediate_values_reflected_at_primary_output,Insecure interface or output configuration can expose intermediate values at primary outputs,review
attacker_controlled_insecure_development_configuration,data_latching_without_secure_start_control,Insecure control-signal configuration can allow unsafe latching without secure start control,keep
attacker_controlled_insecure_development_configuration,pass_by_value_fault_or_pass_by_reference_external_tamper,Insecure call-method configuration can expose values to fault or external tampering behavior,keep
attacker_controlled_insecure_development_configuration,sensitive_operation_scheduled_before_security_condition,Insecure scheduling configuration can place sensitive operations before required security conditions,keep
attacker_controlled_insecure_development_configuration,secure_and_nonsecure_operations_share_hardware_resources,Insecure resource-sharing configuration can cause secure and non-secure operations to share hardware resources,keep
attacker_controlled_insecure_development_configuration,secure_and_nonsecure_assets_reach_outputs_at_different_depths,Insecure pipeline configuration can make secure and non-secure assets reach outputs at different depths,keep
attacker_controlled_insecure_development_configuration,fault_vulnerable_hls_generated_fsm,Insecure HLS control-logic configuration can generate FSM logic vulnerable to faults,keep
attacker_controlled_insecure_development_configuration,security_unaware_power_optimization,Insecure optimization configuration can apply power optimization without side-channel security awareness,keep
attacker_controlled_insecure_development_configuration,physical_layout_introduces_security_vulnerability,Insecure physical-design configuration can allow layout generation to introduce security vulnerabilities,review
attacker_controlled_insecure_development_configuration,layout_parasitic_side_channel_leakage,Insecure layout or routing configuration can create parasitic side-channel leakage,review
attacker_controlled_insecure_development_configuration,crosstalk_ir_drop_leakage,Insecure physical-design configuration can increase crosstalk or IR-drop leakage,review
attacker_controlled_insecure_development_configuration,ir_drop_of_critical_instances,Insecure placement or routing configuration can affect IR-drop behavior of critical instances,review
attacker_controlled_insecure_development_configuration,unbalanced_share_power_consumption,Insecure placement or routing configuration can make protected shares consume power unevenly,review
attacker_controlled_insecure_development_configuration,share_coupling_interference,Insecure placement configuration can allow protected shares to interfere through physical coupling,review
attacker_controlled_insecure_development_configuration,em_signature_reaches_top_metal,Insecure routing configuration can allow secret-related EM signatures to reach exposed metal layers,review
attacker_controlled_development_tool,illegal_access_or_use_of_design_ip,Attacker-controlled development tool can access design or IP files during normal VLSI-flow execution,keep
attacker_controlled_development_tool,design_ip_extraction,Attacker-controlled development tool can read or extract design IP during analysis or transformation,keep
attacker_controlled_development_tool,unauthorized_design_copying,Attacker-controlled development tool can copy design artifacts available during tool execution,keep
attacker_controlled_development_tool,ic_functionality_or_feature_modification,Attacker-controlled development tool can modify generated IC functionality or design features,keep
attacker_controlled_development_tool,malicious_hardware_component_insertion,Attacker-controlled development tool can insert malicious hardware logic or components into generated artifacts,keep
attacker_controlled_development_tool,extra_functionality_in_hardware,Attacker-controlled development tool can introduce extra hardware functionality beyond the intended design,keep
attacker_controlled_development_tool,additional_functionality_in_implementation,Attacker-controlled development tool can add unintended functionality during implementation,keep
attacker_controlled_development_tool,extra_task_without_functional_tamper,Attacker-controlled development tool can add malicious tasks while preserving normal functionality,keep
attacker_controlled_development_tool,rare_event_trigger,Attacker-controlled development tool can introduce rare-event trigger logic into generated designs,keep
attacker_controlled_development_tool,power_or_aging_trigger,Attacker-controlled development tool can introduce trigger behavior based on power or aging conditions,review
attacker_controlled_development_tool,unprotected_confidential_data_path,Attacker-controlled development tool can create or leave confidential data paths unprotected,keep
attacker_controlled_development_tool,extra_behavior_beyond_specification,Attacker-controlled development tool can generate behavior beyond the intended design specification,keep
attacker_controlled_development_tool,redundant_logic_payload,Attacker-controlled development tool can insert redundant or hidden payload logic,keep
attacker_controlled_development_tool,hard_to_excite_trigger_signal,Attacker-controlled development tool can introduce hard-to-excite trigger signals,keep
attacker_controlled_development_tool,untestable_or_suspicious_logic,Attacker-controlled development tool can introduce suspicious or difficult-to-test logic,keep
attacker_controlled_development_tool,malicious_design_alteration_before_fabrication,Attacker-controlled development tool can alter design artifacts before fabrication,keep
attacker_controlled_development_tool,original_circuitry_modification,Attacker-controlled development tool can modify the original or generated circuit representation,keep
attacker_controlled_development_tool,add_remove_or_bypass_logic,Attacker-controlled development tool can add remove or bypass design logic during transformation,keep
attacker_controlled_development_tool,presynthesis_structural_manipulation,Attacker-controlled development tool can manipulate design structure before synthesis,keep
attacker_controlled_development_tool,fsm_state_manipulation,Attacker-controlled development tool can alter FSM behavior in generated design logic,keep
attacker_controlled_development_tool,embedded_trojan_states,Attacker-controlled development tool can insert hidden Trojan states into FSM logic,keep
attacker_controlled_development_tool,hidden_fsm_driver,Attacker-controlled development tool can hide driver behavior inside FSM logic,keep
attacker_controlled_development_tool,unremovable_trojan_in_functionality,Attacker-controlled development tool can merge Trojan behavior with intended functionality,keep
attacker_controlled_development_tool,rtl_design_attack,Attacker-controlled development tool can modify RTL or generated design logic,keep
attacker_controlled_development_tool,functional_test_evasion,Attacker-controlled development tool can alter generated artifacts or test behavior so malicious behavior passes functional tests,review
attacker_controlled_development_tool,security_asset_leakage_to_observable_points,Attacker-controlled development tool can transform security assets so they become observable,keep
attacker_controlled_development_tool,break_intended_execution_flow,Attacker-controlled development tool can alter generated control or execution behavior,keep
attacker_controlled_development_tool,fault_or_glitch_attack_enablement,Attacker-controlled development tool can generate hardware more susceptible to fault or glitch attacks,review
attacker_controlled_development_tool,power_or_time_side_channel_exposure,Attacker-controlled development tool can generate structures that expose power or timing side channels,keep
attacker_controlled_development_tool,critical_function_inlining_expands_sensitive_registers,Attacker-controlled development tool can apply HLS transformations that inline critical functions and expand sensitive registers,keep
attacker_controlled_development_tool,sensitive_register_retention_after_reset,Attacker-controlled development tool can generate registers that retain sensitive values after reset,keep
attacker_controlled_development_tool,insecure_unknown_state_after_reset,Attacker-controlled development tool can generate insecure unknown states after reset,keep
attacker_controlled_development_tool,intermediate_values_reflected_at_primary_output,Attacker-controlled development tool can generate output behavior that exposes intermediate values,keep
attacker_controlled_development_tool,data_latching_without_secure_start_control,Attacker-controlled development tool can generate unsafe latching behavior without secure start control,keep
attacker_controlled_development_tool,pass_by_value_fault_or_pass_by_reference_external_tamper,Attacker-controlled development tool can generate insecure call-method behavior vulnerable to fault or external tampering,keep
attacker_controlled_development_tool,sensitive_operation_scheduled_before_security_condition,Attacker-controlled development tool can schedule sensitive operations before required security conditions,keep
attacker_controlled_development_tool,secure_and_nonsecure_operations_share_hardware_resources,Attacker-controlled development tool can force secure and non-secure operations to share hardware resources,keep
attacker_controlled_development_tool,secure_and_nonsecure_assets_reach_outputs_at_different_depths,Attacker-controlled development tool can generate unbalanced pipeline depths for secure and non-secure assets,keep
attacker_controlled_development_tool,fault_vulnerable_hls_generated_fsm,Attacker-controlled development tool can generate FSM logic vulnerable to faults,keep
attacker_controlled_development_tool,security_unaware_power_optimization,Attacker-controlled development tool can apply optimization choices without side-channel security awareness,keep
attacker_controlled_development_tool,physical_layout_introduces_security_vulnerability,Attacker-controlled development tool can produce physical layout that introduces security vulnerabilities,review
attacker_controlled_development_tool,layout_parasitic_side_channel_leakage,Attacker-controlled development tool can influence layout or routing choices that create parasitic side-channel leakage,review
attacker_controlled_development_tool,crosstalk_ir_drop_leakage,Attacker-controlled development tool can influence physical-design choices that increase crosstalk or IR-drop leakage,review
attacker_controlled_development_tool,ir_drop_of_critical_instances,Attacker-controlled development tool can influence placement or routing of critical instances affecting IR-drop behavior,review
attacker_controlled_development_tool,unbalanced_share_power_consumption,Attacker-controlled development tool can influence placement or routing so protected shares have unbalanced power behavior,review
attacker_controlled_development_tool,share_coupling_interference,Attacker-controlled development tool can influence placement so protected shares interfere through physical coupling,review
attacker_controlled_development_tool,em_signature_reaches_top_metal,Attacker-controlled development tool can influence routing so secret-related EM signatures reach exposed metal layers,review
attacker_controlled_development_tool,dangerous_dont_care_propagation,Attacker-controlled development tool can introduce or preserve dangerous don't-care behavior,keep
attacker_controlled_development_tool,hard_to_control_and_observe_logic,Attacker-controlled development tool can generate logic that is hard to control or observe,keep
attacker_controlled_development_tool,asset_propagation_to_observable_nodes,Attacker-controlled development tool can cause security assets to propagate to observable RTL nodes,keep
attacker_controlled_development_tool,hard_to_control_and_observe_net,Attacker-controlled development tool can generate nets that are hard to control or observe,keep
attacker_controlled_development_tool,illegal_access_to_protected_state,Attacker-controlled development tool can generate FSM behavior that allows illegal access to protected states,keep
attacker_controlled_development_tool,asset_access_or_observation_at_gate_level,Attacker-controlled development tool can cause asset access or observation at gate level,keep
maintainer_level_source_control,ic_functionality_or_feature_modification,Maintainer-level source control can modify intended IC functionality or design features,keep
maintainer_level_source_control,malicious_hardware_component_insertion,Maintainer-level source control can introduce malicious hardware logic or components into the design,keep
maintainer_level_source_control,trojan_based_information_leakage,Maintainer-level source control can add logic that leaks sensitive information,keep
maintainer_level_source_control,extra_functionality_in_hardware,Maintainer-level source control can add extra hardware functionality beyond the intended design,keep
maintainer_level_source_control,additional_functionality_in_implementation,Maintainer-level source control can introduce additional functionality in the implementation,keep
maintainer_level_source_control,extra_task_without_functional_tamper,Maintainer-level source control can add malicious tasks while preserving normal functionality,keep
maintainer_level_source_control,rare_event_trigger,Maintainer-level source control can introduce rare-event trigger conditions,keep
maintainer_level_source_control,power_or_aging_trigger,Maintainer-level source control can introduce trigger behavior based on power or aging conditions,review
maintainer_level_source_control,unprotected_confidential_data_path,Maintainer-level source control can create or leave an unprotected path from confidential data,keep
maintainer_level_source_control,extra_behavior_beyond_specification,Maintainer-level source control can create behavior beyond the intended design specification,keep
maintainer_level_source_control,redundant_logic_payload,Maintainer-level source control can insert redundant or hidden payload logic,keep
maintainer_level_source_control,hard_to_excite_trigger_signal,Maintainer-level source control can introduce hard-to-excite trigger signals,keep
maintainer_level_source_control,untestable_or_suspicious_logic,Maintainer-level source control can introduce suspicious or difficult-to-test logic,keep
maintainer_level_source_control,malicious_design_alteration_before_fabrication,Maintainer-level source control can alter design artifacts before fabrication,keep
maintainer_level_source_control,original_circuitry_modification,Maintainer-level source control can modify the original circuit description,keep
maintainer_level_source_control,add_remove_or_bypass_logic,Maintainer-level source control can add remove or bypass logic in the design,keep
maintainer_level_source_control,internal_logic_or_state_trigger,Maintainer-level source control can introduce internal logic or state-based trigger behavior,keep
maintainer_level_source_control,internal_logic_state_or_input_pattern_trigger,Maintainer-level source control can introduce trigger logic based on internal state or input patterns,keep
maintainer_level_source_control,key_information_transmission,Maintainer-level source control can add logic that transmits key or sensitive information,keep
maintainer_level_source_control,presynthesis_structural_manipulation,Maintainer-level source control can manipulate design structure before synthesis,keep
maintainer_level_source_control,fsm_state_manipulation,Maintainer-level source control can alter FSM behavior in the design description,keep
maintainer_level_source_control,embedded_trojan_states,Maintainer-level source control can introduce hidden Trojan states into an FSM,keep
maintainer_level_source_control,hidden_fsm_driver,Maintainer-level source control can hide driver behavior inside FSM logic,keep
maintainer_level_source_control,unremovable_trojan_in_functionality,Maintainer-level source control can merge Trojan behavior with intended functionality,keep
maintainer_level_source_control,rtl_design_attack,Maintainer-level source control can directly modify RTL or design logic,keep
maintainer_level_source_control,functional_test_evasion,Maintainer-level source control can implement malicious behavior that still passes functional tests,keep
maintainer_level_source_control,security_asset_leakage_to_observable_points,Maintainer-level source control can cause security assets to propagate to observable points,keep
maintainer_level_source_control,break_intended_execution_flow,Maintainer-level source control can break or alter intended execution or control flow,keep
maintainer_level_source_control,power_or_time_side_channel_exposure,Maintainer-level source control can introduce structures that leak through power or timing behavior,review
maintainer_level_source_control,dangerous_dont_care_propagation,Maintainer-level source control can introduce or preserve dangerous don't-care behavior,keep
maintainer_level_source_control,asset_propagation_to_observable_nodes,Maintainer-level source control can cause security assets to propagate to observable RTL nodes,keep
attacker_controlled_reused_package_name,illegal_access_or_use_of_design_ip,Attacker-controlled reused package name can resolve to a package that accesses design or IP files during VLSI-flow execution,review
attacker_controlled_reused_package_name,design_ip_extraction,Attacker-controlled reused package name can resolve to a package that extracts design IP during downstream use,review
attacker_controlled_reused_package_name,unauthorized_design_copying,Attacker-controlled reused package name can resolve to a package that copies design artifacts during execution,review
attacker_controlled_reused_package_name,ic_functionality_or_feature_modification,Attacker-controlled reused package name can resolve to a package that modifies IC functionality or design features,keep
attacker_controlled_reused_package_name,malicious_hardware_component_insertion,Attacker-controlled reused package name can resolve to a package that inserts malicious hardware logic or components,keep
attacker_controlled_reused_package_name,extra_functionality_in_hardware,Attacker-controlled reused package name can resolve to a package that introduces extra hardware functionality,keep
attacker_controlled_reused_package_name,additional_functionality_in_implementation,Attacker-controlled reused package name can resolve to a package that adds unintended functionality during implementation,keep
attacker_controlled_reused_package_name,extra_behavior_beyond_specification,Attacker-controlled reused package name can resolve to a package that produces behavior beyond the intended specification,keep
attacker_controlled_reused_package_name,unprotected_confidential_data_path,Attacker-controlled reused package name can resolve to a package that weakens protection around confidential data paths,review
attacker_controlled_reused_package_name,redundant_logic_payload,Attacker-controlled reused package name can resolve to a package carrying hidden or redundant payload logic,keep
attacker_controlled_reused_package_name,hard_to_excite_trigger_signal,Attacker-controlled reused package name can resolve to a package that creates hard-to-excite trigger signals,review
attacker_controlled_reused_package_name,untestable_or_suspicious_logic,Attacker-controlled reused package name can resolve to a package that creates suspicious or difficult-to-test logic,keep
attacker_controlled_reused_package_name,malicious_design_alteration_before_fabrication,Attacker-controlled reused package name can cause a malicious package to alter design artifacts before fabrication,keep
attacker_controlled_reused_package_name,original_circuitry_modification,Attacker-controlled reused package name can resolve to a package that modifies the circuit representation,keep
attacker_controlled_reused_package_name,add_remove_or_bypass_logic,Attacker-controlled reused package name can resolve to a package that adds removes or bypasses design logic,keep
attacker_controlled_reused_package_name,presynthesis_structural_manipulation,Attacker-controlled reused package name can resolve to a package that manipulates design structure before synthesis,keep
attacker_controlled_reused_package_name,fsm_state_manipulation,Attacker-controlled reused package name can resolve to a package that alters FSM behavior,keep
attacker_controlled_reused_package_name,embedded_trojan_states,Attacker-controlled reused package name can resolve to a package that embeds Trojan states into FSM logic,keep
attacker_controlled_reused_package_name,hidden_fsm_driver,Attacker-controlled reused package name can resolve to a package that hides driver behavior inside FSM logic,keep
attacker_controlled_reused_package_name,unremovable_trojan_in_functionality,Attacker-controlled reused package name can resolve to a package that merges Trojan behavior with intended functionality,keep
attacker_controlled_reused_package_name,rtl_design_attack,Attacker-controlled reused package name can cause the flow to consume a package that modifies RTL or design logic,keep
attacker_controlled_reused_package_name,functional_test_evasion,Attacker-controlled reused package name can resolve to a package that helps malicious behavior pass functional tests,review
attacker_controlled_reused_package_name,malicious_firmware_modification,Attacker-controlled reused package name can resolve to a package that modifies firmware or bitstream-like content,review
attacker_controlled_reused_package_name,security_asset_leakage_to_observable_points,Attacker-controlled reused package name can resolve to a package that exposes security assets at observable points,review
attacker_controlled_reused_package_name,break_intended_execution_flow,Attacker-controlled reused package name can resolve to a package that alters intended control or execution behavior,keep
attacker_controlled_reused_package_name,power_or_time_side_channel_exposure,Attacker-controlled reused package name can resolve to a package that creates power or timing side-channel exposure,review
